Age,Year,Population
0,2022,672836.0
1,2022,669161.0
2,2022,694426.0
3,2022,709793.0
4,2022,719407.0
5,2022,737438.0
6,2022,760189.0
7,2022,755095.0
8,2022,760240.0
9,2022,780078.0
10,2022,801361.0
11,2022,803479.0
12,2022,794341.0
13,2022,788686.0
14,2022,796040.0
15,2022,765689.0
16,2022,752172.0
17,2022,750959.0
18,2022,756883.0
19,2022,761144.0
20,2022,766793.0
21,2022,770609.0
22,2022,786764.0
23,2022,816046.0
24,2022,823307.0
25,2022,840172.0
26,2022,827812.0
27,2022,841428.0
28,2022,866706.0
29,2022,870493.0
30,2022,899112.0
31,2022,913818.0
32,2022,911197.0
33,2022,906717.0
34,2022,918910.0
35,2022,897482.0
36,2022,891485.0
37,2022,888625.0
38,2022,860951.0
39,2022,862188.0
40,2022,858112.0
41,2022,867645.0
42,2022,869044.0
43,2022,834287.0
44,2022,775238.0
45,2022,761497.0
46,2022,779796.0
47,2022,795777.0
48,2022,806391.0
49,2022,838741.0
50,2022,872031.0
51,2022,905647.0
52,2022,883692.0
53,2022,904613.0
54,2022,902235.0
55,2022,907549.0
56,2022,903164.0
57,2022,907450.0
58,2022,894664.0
59,2022,873460.0
60,2022,851059.0
61,2022,818589.0
62,2022,785552.0
63,2022,764201.0
64,2022,741627.0
65,2022,708844.0
66,2022,680108.0
67,2022,651398.0
68,2022,648606.0
69,2022,634304.0
70,2022,611295.0
71,2022,610840.0
72,2022,614538.0
73,2022,624405.0
74,2022,651869.0
75,2022,697253.0
76,2022,524581.0
77,2022,499117.0
78,2022,488052.0
79,2022,442722.0
80,2022,386502.0
81,2022,334844.0
82,2022,335397.0
83,2022,319079.0
84,2022,295718.0
85,2022,266071.0
86,2022,237039.0
87,2022,209460.0
88,2022,178552.0
89,2022,154438.0
90,2022,595793.0
0,2021,654239.0
1,2021,680756.0
2,2021,696656.0
3,2021,707489.0
4,2021,725571.0
5,2021,748507.0
6,2021,743516.0
7,2021,749368.0
8,2021,769323.0
9,2021,791125.0
10,2021,794132.0
11,2021,785400.0
12,2021,780104.0
13,2021,787318.0
14,2021,757327.0
15,2021,742444.0
16,2021,739322.0
17,2021,738143.0
18,2021,734605.0
19,2021,744226.0
20,2021,755330.0
21,2021,768815.0
22,2021,790853.0
23,2021,798584.0
24,2021,816993.0
25,2021,805830.0
26,2021,821733.0
27,2021,849349.0
28,2021,855609.0
29,2021,885869.0
30,2021,901938.0
31,2021,901061.0
32,2021,897763.0
33,2021,910855.0
34,2021,890072.0
35,2021,884611.0
36,2021,882846.0
37,2021,855715.0
38,2021,857312.0
39,2021,854486.0
40,2021,864787.0
41,2021,866598.0
42,2021,832491.0
43,2021,774096.0
44,2021,760593.0
45,2021,779324.0
46,2021,795725.0
47,2021,806756.0
48,2021,839526.0
49,2021,873463.0
50,2021,907547.0
51,2021,885948.0
52,2021,907203.0
53,2021,905453.0
54,2021,911001.0
55,2021,906613.0
56,2021,911445.0
57,2021,899030.0
58,2021,877930.0
59,2021,855912.0
60,2021,823816.0
61,2021,790821.0
62,2021,769951.0
63,2021,747779.0
64,2021,715458.0
65,2021,687031.0
66,2021,658634.0
67,2021,656622.0
68,2021,642674.0
69,2021,620419.0
70,2021,620811.0
71,2021,625699.0
72,2021,636779.0
73,2021,666107.0
74,2021,714476.0
75,2021,539411.0
76,2021,515051.0
77,2021,505300.0
78,2021,460559.0
79,2021,404142.0
80,2021,352382.0
81,2021,355036.0
82,2021,339878.0
83,2021,317649.0
84,2021,288249.0
85,2021,259374.0
86,2021,231826.0
87,2021,200740.0
88,2021,176110.0
89,2021,155554.0
90,2021,583950.0
0,2020,677122.0
1,2020,697119.0
2,2020,710064.0
3,2020,726873.0
4,2020,748926.0
5,2020,743877.0
6,2020,749360.0
7,2020,768957.0
8,2020,790767.0
9,2020,792371.0
10,2020,783285.0
11,2020,777632.0
12,2020,784540.0
13,2020,754338.0
14,2020,739415.0
15,2020,734485.0
16,2020,730436.0
17,2020,716579.0
18,2020,714740.0
19,2020,740969.0
20,2020,761828.0
21,2020,784601.0
22,2020,791891.0
23,2020,821986.0
24,2020,804925.0
25,2020,814187.0
26,2020,840838.0
27,2020,846903.0
28,2020,877850.0
29,2020,895146.0
30,2020,892835.0
31,2020,891563.0
32,2020,904888.0
33,2020,885226.0
34,2020,883210.0
35,2020,882896.0
36,2020,856681.0
37,2020,859498.0
38,2020,856713.0
39,2020,866600.0
40,2020,868222.0
41,2020,833846.0
42,2020,775709.0
43,2020,761879.0
44,2020,780155.0
45,2020,796042.0
46,2020,807058.0
47,2020,840271.0
48,2020,874403.0
49,2020,908252.0
50,2020,886508.0
51,2020,907973.0
52,2020,906421.0
53,2020,912704.0
54,2020,908598.0
55,2020,913808.0
56,2020,901821.0
57,2020,880837.0
58,2020,859615.0
59,2020,827808.0
60,2020,794841.0
61,2020,774483.0
62,2020,753161.0
63,2020,721021.0
64,2020,692937.0
65,2020,664960.0
66,2020,663730.0
67,2020,650626.0
68,2020,628980.0
69,2020,630114.0
70,2020,636478.0
71,2020,648587.0
72,2020,679635.0
73,2020,730642.0
74,2020,553466.0
75,2020,530109.0
76,2020,521893.0
77,2020,477756.0
78,2020,420888.0
79,2020,369215.0
80,2020,373789.0
81,2020,360105.0
82,2020,339024.0
83,2020,310126.0
84,2020,281848.0
85,2020,254485.0
86,2020,222896.0
87,2020,198719.0
88,2020,178015.0
89,2020,152323.0
90,2020,574642.0
0,2019,695760.0
1,2019,713434.0
2,2019,729666.0
3,2019,750893.0
4,2019,745729.0
5,2019,750530.0
6,2019,769361.0
7,2019,791518.0
8,2019,791935.0
9,2019,782497.0
10,2019,776323.0
11,2019,783076.0
12,2019,753241.0
13,2019,737374.0
14,2019,730316.0
15,2019,725605.0
16,2019,709101.0
17,2019,698535.0
18,2019,713690.0
19,2019,748210.0
20,2019,782450.0
21,2019,795101.0
22,2019,825861.0
23,2019,826123.0
24,2019,819942.0
25,2019,838889.0
26,2019,841267.0
27,2019,871412.0
28,2019,888702.0
29,2019,885117.0
30,2019,884668.0
31,2019,899297.0
32,2019,881960.0
33,2019,881619.0
34,2019,883014.0
35,2019,857543.0
36,2019,860928.0
37,2019,858630.0
38,2019,868054.0
39,2019,869985.0
40,2019,835285.0
41,2019,777320.0
42,2019,763603.0
43,2019,781520.0
44,2019,797436.0
45,2019,808576.0
46,2019,842162.0
47,2019,876586.0
48,2019,910332.0
49,2019,888393.0
50,2019,910429.0
51,2019,909037.0
52,2019,915916.0
53,2019,912318.0
54,2019,917789.0
55,2019,906277.0
56,2019,885721.0
57,2019,864593.0
58,2019,832907.0
59,2019,799918.0
60,2019,779865.0
61,2019,758957.0
62,2019,727218.0
63,2019,699410.0
64,2019,671551.0
65,2019,671008.0
66,2019,658549.0
67,2019,637286.0
68,2019,639342.0
69,2019,646628.0
70,2019,660007.0
71,2019,692596.0
72,2019,746140.0
73,2019,567047.0
74,2019,544537.0
75,2019,537694.0
76,2019,494079.0
77,2019,437135.0
78,2019,385744.0
79,2019,392577.0
80,2019,380112.0
81,2019,360326.0
82,2019,331853.0
83,2019,304737.0
84,2019,278051.0
85,2019,246240.0
86,2019,222618.0
87,2019,202507.0
88,2019,176948.0
89,2019,152158.0
90,2019,575794.0
0,2018,713789.0
1,2018,731499.0
2,2018,751754.0
3,2018,746699.0
4,2018,751044.0
5,2018,769227.0
6,2018,791262.0
7,2018,790751.0
8,2018,780838.0
9,2018,774239.0
10,2018,780649.0
11,2018,751324.0
12,2018,735653.0
13,2018,725199.0
14,2018,719298.0
15,2018,702044.0
16,2018,689324.0
17,2018,697358.0
18,2018,724071.0
19,2018,764792.0
20,2018,783145.0
21,2018,813346.0
22,2018,816033.0
23,2018,835358.0
24,2018,844205.0
25,2018,838427.0
26,2018,863398.0
27,2018,879478.0
28,2018,874517.0
29,2018,873731.0
30,2018,888458.0
31,2018,874651.0
32,2018,877359.0
33,2018,879456.0
34,2018,855420.0
35,2018,859888.0
36,2018,858583.0
37,2018,867684.0
38,2018,869389.0
39,2018,835117.0
40,2018,777391.0
41,2018,763999.0
42,2018,780985.0
43,2018,797156.0
44,2018,808389.0
45,2018,842492.0
46,2018,877042.0
47,2018,910800.0
48,2018,888781.0
49,2018,911119.0
50,2018,910030.0
51,2018,917939.0
52,2018,914604.0
53,2018,920640.0
54,2018,909637.0
55,2018,889279.0
56,2018,868427.0
57,2018,837032.0
58,2018,804096.0
59,2018,784416.0
60,2018,763774.0
61,2018,732568.0
62,2018,705111.0
63,2018,677414.0
64,2018,677286.0
65,2018,665472.0
66,2018,644618.0
67,2018,647105.0
68,2018,655779.0
69,2018,669977.0
70,2018,703707.0
71,2018,759414.0
72,2018,578418.0
73,2018,556642.0
74,2018,550969.0
75,2018,507799.0
76,2018,450314.0
77,2018,399277.0
78,2018,407810.0
79,2018,396585.0
80,2018,377840.0
81,2018,350187.0
82,2018,323964.0
83,2018,297925.0
84,2018,266206.0
85,2018,243002.0
86,2018,223741.0
87,2018,198569.0
88,2018,173505.0
89,2018,145772.0
90,2018,559207.0
0,2017,732555.0
1,2017,753248.0
2,2017,748744.0
3,2017,752836.0
4,2017,769939.0
5,2017,792030.0
6,2017,790200.0
7,2017,780102.0
8,2017,772645.0
9,2017,779244.0
10,2017,750158.0
11,2017,734437.0
12,2017,721104.0
13,2017,713600.0
14,2017,695493.0
15,2017,682330.0
16,2017,689963.0
17,2017,710322.0
18,2017,741760.0
19,2017,766510.0
20,2017,801901.0
21,2017,804232.0
22,2017,822944.0
23,2017,856471.0
24,2017,843710.0
25,2017,860260.0
26,2017,873193.0
27,2017,865491.0
28,2017,864333.0
29,2017,878403.0
30,2017,866617.0
31,2017,873842.0
32,2017,876735.0
33,2017,852980.0
34,2017,858303.0
35,2017,857854.0
36,2017,867304.0
37,2017,868721.0
38,2017,834678.0
39,2017,777481.0
40,2017,764147.0
41,2017,780540.0
42,2017,796182.0
43,2017,807845.0
44,2017,842073.0
45,2017,877192.0
46,2017,910097.0
47,2017,888331.0
48,2017,910743.0
49,2017,909776.0
50,2017,918625.0
51,2017,915914.0
52,2017,922218.0
53,2017,911498.0
54,2017,891585.0
55,2017,871226.0
56,2017,840343.0
57,2017,807334.0
58,2017,788035.0
59,2017,767870.0
60,2017,737196.0
61,2017,710194.0
62,2017,682617.0
63,2017,683067.0
64,2017,672131.0
65,2017,651369.0
66,2017,654516.0
67,2017,664284.0
68,2017,679402.0
69,2017,714600.0
70,2017,772002.0
71,2017,589602.0
72,2017,568297.0
73,2017,563898.0
74,2017,521365.0
75,2017,463632.0
76,2017,412652.0
77,2017,422937.0
78,2017,413001.0
79,2017,395427.0
80,2017,368685.0
81,2017,343434.0
82,2017,317955.0
83,2017,286918.0
84,2017,264009.0
85,2017,246310.0
86,2017,221920.0
87,2017,196639.0
88,2017,168200.0
89,2017,142077.0
90,2017,558231.0
0,2016,752428.0
1,2016,749712.0
2,2016,753919.0
3,2016,770676.0
4,2016,792148.0
5,2016,789314.0
6,2016,778797.0
7,2016,771077.0
8,2016,777448.0
9,2016,749074.0
10,2016,733194.0
11,2016,717078.0
12,2016,708605.0
13,2016,689602.0
14,2016,676381.0
15,2016,685274.0
16,2016,703760.0
17,2016,728113.0
18,2016,745431.0
19,2016,786340.0
20,2016,794248.0
21,2016,810560.0
22,2016,845683.0
23,2016,856183.0
24,2016,865284.0
25,2016,870904.0
26,2016,858214.0
27,2016,855353.0
28,2016,868999.0
29,2016,858760.0
30,2016,868440.0
31,2016,874296.0
32,2016,851379.0
33,2016,856607.0
34,2016,856808.0
35,2016,866040.0
36,2016,867987.0
37,2016,833775.0
38,2016,777014.0
39,2016,764018.0
40,2016,779938.0
41,2016,795160.0
42,2016,806560.0
43,2016,841409.0
44,2016,876758.0
45,2016,909257.0
46,2016,887345.0
47,2016,909959.0
48,2016,909174.0
49,2016,918752.0
50,2016,916628.0
51,2016,923267.0
52,2016,912973.0
53,2016,893335.0
54,2016,873314.0
55,2016,842913.0
56,2016,809790.0
57,2016,791067.0
58,2016,771291.0
59,2016,741296.0
60,2016,714476.0
61,2016,687317.0
62,2016,688360.0
63,2016,677861.0
64,2016,657562.0
65,2016,661296.0
66,2016,672022.0
67,2016,687946.0
68,2016,724382.0
69,2016,783475.0
70,2016,599510.0
71,2016,579173.0
72,2016,575775.0
73,2016,533581.0
74,2016,475771.0
75,2016,424850.0
76,2016,436805.0
77,2016,428114.0
78,2016,411609.0
79,2016,385556.0
80,2016,361325.0
81,2016,336802.0
82,2016,306028.0
83,2016,284103.0
84,2016,267926.0
85,2016,244170.0
86,2016,219195.0
87,2016,189844.0
88,2016,162964.0
89,2016,141518.0
90,2016,552674.0
0,2015,747137.0
1,2015,752505.0
2,2015,769651.0
3,2015,791232.0
4,2015,786848.0
5,2015,776396.0
6,2015,768343.0
7,2015,775143.0
8,2015,747043.0
9,2015,731575.0
10,2015,712785.0
11,2015,703454.0
12,2015,684038.0
13,2015,670686.0
14,2015,680956.0
15,2015,698692.0
16,2015,720628.0
17,2015,730329.0
18,2015,761476.0
19,2015,775611.0
20,2015,794087.0
21,2015,827251.0
22,2015,836613.0
23,2015,869984.0
24,2015,870429.0
25,2015,849603.0
26,2015,842619.0
27,2015,854683.0
28,2015,846274.0
29,2015,858686.0
30,2015,865582.0
31,2015,846109.0
32,2015,852092.0
33,2015,852088.0
34,2015,861321.0
35,2015,863623.0
36,2015,830487.0
37,2015,774033.0
38,2015,761568.0
39,2015,777555.0
40,2015,792715.0
41,2015,804254.0
42,2015,839132.0
43,2015,875334.0
44,2015,907183.0
45,2015,885630.0
46,2015,908277.0
47,2015,907621.0
48,2015,918166.0
49,2015,916479.0
50,2015,923576.0
51,2015,913724.0
52,2015,894421.0
53,2015,874793.0
54,2015,844838.0
55,2015,811906.0
56,2015,793577.0
57,2015,774351.0
58,2015,744800.0
59,2015,718299.0
60,2015,691440.0
61,2015,692950.0
62,2015,683189.0
63,2015,663241.0
64,2015,667523.0
65,2015,679079.0
66,2015,695792.0
67,2015,733447.0
68,2015,794191.0
69,2015,608892.0
70,2015,589149.0
71,2015,586522.0
72,2015,544980.0
73,2015,486851.0
74,2015,436371.0
75,2015,449567.0
76,2015,442071.0
77,2015,426659.0
78,2015,401041.0
79,2015,377938.0
80,2015,354377.0
81,2015,323962.0
82,2015,303133.0
83,2015,288330.0
84,2015,265540.0
85,2015,241057.0
86,2015,211182.0
87,2015,183802.0
88,2015,161875.0
89,2015,140818.0
90,2015,539855.0
0,2014,749607.0
1,2014,767981.0
2,2014,789774.0
3,2014,784495.0
4,2014,773625.0
5,2014,765579.0
6,2014,772553.0
7,2014,745276.0
8,2014,729841.0
9,2014,708705.0
10,2014,698463.0
11,2014,678858.0
12,2014,665751.0
13,2014,677533.0
14,2014,695091.0
15,2014,716486.0
16,2014,724714.0
17,2014,748678.0
18,2014,754649.0
19,2014,775915.0
20,2014,812903.0
21,2014,820279.0
22,2014,852557.0
23,2014,876168.0
24,2014,848388.0
25,2014,834375.0
26,2014,842834.0
27,2014,835151.0
28,2014,849906.0
29,2014,857821.0
30,2014,839448.0
31,2014,848173.0
32,2014,848561.0
33,2014,856710.0
34,2014,859079.0
35,2014,826356.0
36,2014,771070.0
37,2014,758861.0
38,2014,774653.0
39,2014,789905.0
40,2014,801960.0
41,2014,837084.0
42,2014,873226.0
43,2014,905011.0
44,2014,883511.0
45,2014,906486.0
46,2014,905840.0
47,2014,917086.0
48,2014,915916.0
49,2014,923343.0
50,2014,914053.0
51,2014,895342.0
52,2014,875864.0
53,2014,846155.0
54,2014,813344.0
55,2014,795612.0
56,2014,776784.0
57,2014,747816.0
58,2014,721566.0
59,2014,695189.0
60,2014,697113.0
61,2014,687882.0
62,2014,668381.0
63,2014,673172.0
64,2014,685660.0
65,2014,703239.0
66,2014,741783.0
67,2014,803956.0
68,2014,617670.0
69,2014,598282.0
70,2014,596663.0
71,2014,555680.0
72,2014,497167.0
73,2014,447189.0
74,2014,461898.0
75,2014,455485.0
76,2014,441066.0
77,2014,416245.0
78,2014,394037.0
79,2014,371710.0
80,2014,341532.0
81,2014,321708.0
82,2014,308888.0
83,2014,287325.0
84,2014,263306.0
85,2014,233404.0
86,2014,205804.0
87,2014,183894.0
88,2014,162452.0
89,2014,139442.0
90,2014,536314.0
0,2013,764717.0
1,2013,787780.0
2,2013,781765.0
3,2013,770961.0
4,2013,762412.0
5,2013,769865.0
6,2013,743454.0
7,2013,728467.0
8,2013,704370.0
9,2013,693571.0
10,2013,673739.0
11,2013,661208.0
12,2013,674920.0
13,2013,692432.0
14,2013,713740.0
15,2013,722095.0
16,2013,744137.0
17,2013,744641.0
18,2013,755236.0
19,2013,797016.0
20,2013,808400.0
21,2013,838413.0
22,2013,862778.0
23,2013,856221.0
24,2013,835347.0
25,2013,836311.0
26,2013,827067.0
27,2013,843091.0
28,2013,851650.0
29,2013,833896.0
30,2013,843437.0
31,2013,846085.0
32,2013,853454.0
33,2013,854999.0
34,2013,822449.0
35,2013,767701.0
36,2013,756250.0
37,2013,771597.0
38,2013,786746.0
39,2013,799477.0
40,2013,835001.0
41,2013,871409.0
42,2013,902195.0
43,2013,881337.0
44,2013,904288.0
45,2013,903936.0
46,2013,915774.0
47,2013,915055.0
48,2013,922920.0
49,2013,914025.0
50,2013,895735.0
51,2013,876636.0
52,2013,847279.0
53,2013,814443.0
54,2013,797049.0
55,2013,778822.0
56,2013,750344.0
57,2013,724457.0
58,2013,698351.0
59,2013,700830.0
60,2013,692034.0
61,2013,672868.0
62,2013,678207.0
63,2013,691443.0
64,2013,709862.0
65,2013,749090.0
66,2013,812661.0
67,2013,625368.0
68,2013,606551.0
69,2013,605671.0
70,2013,565064.0
71,2013,506669.0
72,2013,456751.0
73,2013,472569.0
74,2013,467267.0
75,2013,453514.0
76,2013,429454.0
77,2013,408044.0
78,2013,386494.0
79,2013,356957.0
80,2013,337950.0
81,2013,326700.0
82,2013,306661.0
83,2013,282807.0
84,2013,253152.0
85,2013,225166.0
86,2013,203706.0
87,2013,182162.0
88,2013,158547.0
89,2013,137412.0
90,2013,514462.0
0,2012,785030.0
1,2012,778885.0
2,2012,768212.0
3,2012,759748.0
4,2012,767350.0
5,2012,741902.0
6,2012,727261.0
7,2012,700650.0
8,2012,688835.0
9,2012,668942.0
10,2012,656831.0
11,2012,672805.0
12,2012,690569.0
13,2012,712050.0
14,2012,721042.0
15,2012,742561.0
16,2012,742200.0
17,2012,745888.0
18,2012,778669.0
19,2012,794730.0
20,2012,827722.0
21,2012,850471.0
22,2012,842456.0
23,2012,841300.0
24,2012,836369.0
25,2012,822947.0
26,2012,838440.0
27,2012,846561.0
28,2012,829629.0
29,2012,839487.0
30,2012,842466.0
31,2012,851010.0
32,2012,851928.0
33,2012,818899.0
34,2012,764351.0
35,2012,753250.0
36,2012,768611.0
37,2012,783498.0
38,2012,796836.0
39,2012,832738.0
40,2012,869629.0
41,2012,899816.0
42,2012,878693.0
43,2012,902224.0
44,2012,902024.0
45,2012,914694.0
46,2012,914164.0
47,2012,922269.0
48,2012,914042.0
49,2012,896020.0
50,2012,877389.0
51,2012,848253.0
52,2012,815319.0
53,2012,798483.0
54,2012,780578.0
55,2012,752783.0
56,2012,727207.0
57,2012,701456.0
58,2012,704302.0
59,2012,695999.0
60,2012,677181.0
61,2012,683095.0
62,2012,697082.0
63,2012,716039.0
64,2012,756291.0
65,2012,821100.0
66,2012,632923.0
67,2012,614575.0
68,2012,614315.0
69,2012,573991.0
70,2012,515417.0
71,2012,466070.0
72,2012,483330.0
73,2012,478720.0
74,2012,465859.0
75,2012,442746.0
76,2012,421888.0
77,2012,401425.0
78,2012,372402.0
79,2012,354340.0
80,2012,344544.0
81,2012,326463.0
82,2012,302917.0
83,2012,273994.0
84,2012,246232.0
85,2012,224835.0
86,2012,203469.0
87,2012,179344.0
88,2012,158170.0
89,2012,137201.0
90,2012,501809.0
0,2011,774322.0
1,2011,764744.0
2,2011,756609.0
3,2011,764853.0
4,2011,740259.0
5,2011,726167.0
6,2011,697007.0
7,2011,684553.0
8,2011,664220.0
9,2011,652932.0
10,2011,671009.0
11,2011,689207.0
12,2011,711064.0
13,2011,720844.0
14,2011,742150.0
15,2011,742134.0
16,2011,742951.0
17,2011,770217.0
18,2011,777994.0
19,2011,814689.0
20,2011,841193.0
21,2011,830641.0
22,2011,829862.0
23,2011,845045.0
24,2011,827676.0
25,2011,839073.0
26,2011,844822.0
27,2011,827465.0
28,2011,837511.0
29,2011,840373.0
30,2011,848223.0
31,2011,850361.0
32,2011,816941.0
33,2011,761941.0
34,2011,750667.0
35,2011,765556.0
36,2011,780520.0
37,2011,794346.0
38,2011,830621.0
39,2011,868161.0
40,2011,897635.0
41,2011,876556.0
42,2011,899939.0
43,2011,900217.0
44,2011,913656.0
45,2011,913551.0
46,2011,921748.0
47,2011,913863.0
48,2011,896398.0
49,2011,877916.0
50,2011,848993.0
51,2011,816176.0
52,2011,799763.0
53,2011,782382.0
54,2011,754984.0
55,2011,729854.0
56,2011,704182.0
57,2011,707622.0
58,2011,699657.0
59,2011,681153.0
60,2011,687528.0
61,2011,702287.0
62,2011,721802.0
63,2011,762787.0
64,2011,828831.0
65,2011,639944.0
66,2011,622015.0
67,2011,622315.0
68,2011,582484.0
69,2011,523611.0
70,2011,474706.0
71,2011,493142.0
72,2011,489435.0
73,2011,477099.0
74,2011,454903.0
75,2011,434572.0
76,2011,415104.0
77,2011,386567.0
78,2011,369170.0
79,2011,360978.0
80,2011,344623.0
81,2011,321858.0
82,2011,293258.0
83,2011,266048.0
84,2011,244899.0
85,2011,224162.0
86,2011,199746.0
87,2011,178183.0
88,2011,157171.0
89,2011,140970.0
90,2011,475461.0
0,2010,766837.0
1,2010,756145.0
2,2010,763080.0
3,2010,737345.0
4,2010,723560.0
5,2010,696952.0
6,2010,684966.0
7,2010,664058.0
8,2010,652045.0
9,2010,668186.0
10,2010,685993.0
11,2010,707710.0
12,2010,717395.0
13,2010,738456.0
14,2010,735333.0
15,2010,735542.0
16,2010,760627.0
17,2010,763810.0
18,2010,793511.0
19,2010,822016.0
20,2010,809252.0
21,2010,805550.0
22,2010,823501.0
23,2010,809245.0
24,2010,828846.0
25,2010,835553.0
26,2010,818552.0
27,2010,826077.0
28,2010,828236.0
29,2010,843479.0
30,2010,844811.0
31,2010,811266.0
32,2010,758344.0
33,2010,746701.0
34,2010,764137.0
35,2010,779354.0
36,2010,793317.0
37,2010,829813.0
38,2010,867926.0
39,2010,897974.0
40,2010,878391.0
41,2010,901847.0
42,2010,902625.0
43,2010,916803.0
44,2010,915365.0
45,2010,923132.0
46,2010,914807.0
47,2010,897688.0
48,2010,878701.0
49,2010,850363.0
50,2010,817554.0
51,2010,801389.0
52,2010,784648.0
53,2010,757086.0
54,2010,732018.0
55,2010,707226.0
56,2010,710696.0
57,2010,702449.0
58,2010,685294.0
59,2010,691913.0
60,2010,707523.0
61,2010,727293.0
62,2010,770028.0
63,2010,833899.0
64,2010,647292.0
65,2010,629626.0
66,2010,628556.0
67,2010,590085.0
68,2010,531158.0
69,2010,483546.0
70,2010,502743.0
71,2010,499312.0
72,2010,487623.0
73,2010,466270.0
74,2010,446672.0
75,2010,427657.0
76,2010,399838.0
77,2010,383663.0
78,2010,376682.0
79,2010,361542.0
80,2010,339420.0
81,2010,311604.0
82,2010,284887.0
83,2010,264889.0
84,2010,244624.0
85,2010,219937.0
86,2010,198280.0
87,2010,176990.0
88,2010,161278.0
89,2010,143255.0
90,2010,442955.0
0,2009,757477.0
1,2009,762519.0
2,2009,735702.0
3,2009,720433.0
4,2009,695836.0
5,2009,684285.0
6,2009,662917.0
7,2009,650216.0
8,2009,664744.0
9,2009,682003.0
10,2009,703354.0
11,2009,713490.0
12,2009,734177.0
13,2009,731037.0
14,2009,729661.0
15,2009,753238.0
16,2009,756940.0
17,2009,782579.0
18,2009,803662.0
19,2009,793022.0
20,2009,786727.0
21,2009,802380.0
22,2009,790913.0
23,2009,810570.0
24,2009,828722.0
25,2009,811906.0
26,2009,816872.0
27,2009,817865.0
28,2009,834430.0
29,2009,839956.0
30,2009,806495.0
31,2009,755448.0
32,2009,743853.0
33,2009,761291.0
34,2009,777673.0
35,2009,791736.0
36,2009,828502.0
37,2009,867258.0
38,2009,896671.0
39,2009,879718.0
40,2009,903439.0
41,2009,904745.0
42,2009,919572.0
43,2009,918029.0
44,2009,924044.0
45,2009,915406.0
46,2009,898491.0
47,2009,878940.0
48,2009,851474.0
49,2009,819756.0
50,2009,803761.0
51,2009,787954.0
52,2009,760139.0
53,2009,734971.0
54,2009,709916.0
55,2009,713619.0
56,2009,704927.0
57,2009,689111.0
58,2009,695525.0
59,2009,711789.0
60,2009,732188.0
61,2009,776470.0
62,2009,838216.0
63,2009,653866.0
64,2009,636068.0
65,2009,633959.0
66,2009,597021.0
67,2009,537753.0
68,2009,491543.0
69,2009,511497.0
70,2009,508413.0
71,2009,497470.0
72,2009,477083.0
73,2009,458179.0
74,2009,439409.0
75,2009,412448.0
76,2009,397699.0
77,2009,391292.0
78,2009,377688.0
79,2009,356496.0
80,2009,329570.0
81,2009,302981.0
82,2009,284125.0
83,2009,264574.0
84,2009,240095.0
85,2009,218588.0
86,2009,197324.0
87,2009,181941.0
88,2009,164625.0
89,2009,134943.0
90,2009,411743.0
0,2008,762988.0
1,2008,734535.0
2,2008,717606.0
3,2008,695510.0
4,2008,683489.0
5,2008,661774.0
6,2008,648306.0
7,2008,661164.0
8,2008,678218.0
9,2008,699754.0
10,2008,710002.0
11,2008,730549.0
12,2008,727058.0
13,2008,726541.0
14,2008,746166.0
15,2008,749759.0
16,2008,772554.0
17,2008,788577.0
18,2008,774823.0
19,2008,782442.0
20,2008,797196.0
21,2008,783296.0
22,2008,802829.0
23,2008,821525.0
24,2008,809591.0
25,2008,811627.0
26,2008,811384.0
27,2008,828467.0
28,2008,833289.0
29,2008,798538.0
30,2008,750072.0
31,2008,738436.0
32,2008,756399.0
33,2008,773196.0
34,2008,789225.0
35,2008,826308.0
36,2008,865614.0
37,2008,894375.0
38,2008,879031.0
39,2008,901834.0
40,2008,904038.0
41,2008,919855.0
42,2008,918375.0
43,2008,924259.0
44,2008,915850.0
45,2008,899234.0
46,2008,878981.0
47,2008,852426.0
48,2008,820640.0
49,2008,805185.0
50,2008,789896.0
51,2008,762147.0
52,2008,736620.0
53,2008,712445.0
54,2008,715961.0
55,2008,707040.0
56,2008,692351.0
57,2008,698878.0
58,2008,715724.0
59,2008,737025.0
60,2008,782753.0
61,2008,842339.0
62,2008,660321.0
63,2008,642853.0
64,2008,639234.0
65,2008,603869.0
66,2008,544338.0
67,2008,499435.0
68,2008,519844.0
69,2008,517290.0
70,2008,506917.0
71,2008,487555.0
72,2008,469253.0
73,2008,450900.0
74,2008,424562.0
75,2008,411256.0
76,2008,405807.0
77,2008,393459.0
78,2008,373356.0
79,2008,347314.0
80,2008,321479.0
81,2008,303604.0
82,2008,284539.0
83,2008,260839.0
84,2008,239615.0
85,2008,218468.0
86,2008,204143.0
87,2008,187735.0
88,2008,157798.0
89,2008,114986.0
90,2008,397782.0
0,2007,733606.0
1,2007,714658.0
2,2007,694960.0
3,2007,683324.0
4,2007,661252.0
5,2007,646953.0
6,2007,658017.0
7,2007,674757.0
8,2007,696125.0
9,2007,707203.0
10,2007,727411.0
11,2007,723895.0
12,2007,723704.0
13,2007,743100.0
14,2007,744360.0
15,2007,766930.0
16,2007,781842.0
17,2007,764834.0
18,2007,764103.0
19,2007,785796.0
20,2007,772681.0
21,2007,786420.0
22,2007,806215.0
23,2007,794526.0
24,2007,799398.0
25,2007,798422.0
26,2007,816658.0
27,2007,820660.0
28,2007,786313.0
29,2007,739970.0
30,2007,729639.0
31,2007,748165.0
32,2007,766265.0
33,2007,782737.0
34,2007,823172.0
35,2007,863377.0
36,2007,891389.0
37,2007,877392.0
38,2007,900749.0
39,2007,905695.0
40,2007,922468.0
41,2007,920726.0
42,2007,926407.0
43,2007,917492.0
44,2007,899866.0
45,2007,879197.0
46,2007,853379.0
47,2007,821390.0
48,2007,806114.0
49,2007,790882.0
50,2007,762901.0
51,2007,737210.0
52,2007,713810.0
53,2007,717339.0
54,2007,710925.0
55,2007,697438.0
56,2007,703726.0
57,2007,720985.0
58,2007,742957.0
59,2007,788613.0
60,2007,846094.0
61,2007,666522.0
62,2007,649096.0
63,2007,644356.0
64,2007,609755.0
65,2007,550279.0
66,2007,506521.0
67,2007,527406.0
68,2007,525444.0
69,2007,515813.0
70,2007,497280.0
71,2007,479382.0
72,2007,461541.0
73,2007,435930.0
74,2007,424037.0
75,2007,419586.0
76,2007,408493.0
77,2007,389510.0
78,2007,364130.0
79,2007,339008.0
80,2007,322492.0
81,2007,304594.0
82,2007,281165.0
83,2007,260345.0
84,2007,239712.0
85,2007,226462.0
86,2007,210886.0
87,2007,181642.0
88,2007,130133.0
89,2007,90241.0
90,2007,409039.0
0,2006,711342.0
1,2006,693421.0
2,2006,682140.0
3,2006,659768.0
4,2006,645150.0
5,2006,654575.0
6,2006,670914.0
7,2006,691918.0
8,2006,703490.0
9,2006,722846.0
10,2006,719471.0
11,2006,720018.0
12,2006,738899.0
13,2006,741686.0
14,2006,762187.0
15,2006,775976.0
16,2006,758141.0
17,2006,754120.0
18,2006,767546.0
19,2006,759566.0
20,2006,770638.0
21,2006,786995.0
22,2006,773641.0
23,2006,775949.0
24,2006,780126.0
25,2006,800012.0
26,2006,803786.0
27,2006,769939.0
28,2006,726940.0
29,2006,725541.0
30,2006,744717.0
31,2006,763322.0
32,2006,780247.0
33,2006,820833.0
34,2006,858453.0
35,2006,886414.0
36,2006,873956.0
37,2006,897818.0
38,2006,903668.0
39,2006,922129.0
40,2006,920478.0
41,2006,926054.0
42,2006,917030.0
43,2006,899689.0
44,2006,881193.0
45,2006,856012.0
46,2006,823721.0
47,2006,808664.0
48,2006,793894.0
49,2006,765214.0
50,2006,739353.0
51,2006,716692.0
52,2006,720194.0
53,2006,713422.0
54,2006,701086.0
55,2006,707366.0
56,2006,725072.0
57,2006,747550.0
58,2006,794584.0
59,2006,852482.0
60,2006,675130.0
61,2006,657557.0
62,2006,651511.0
63,2006,617964.0
64,2006,557446.0
65,2006,514443.0
66,2006,535908.0
67,2006,534158.0
68,2006,525186.0
69,2006,506935.0
70,2006,489700.0
71,2006,472203.0
72,2006,447160.0
73,2006,436478.0
74,2006,432889.0
75,2006,423359.0
76,2006,405183.0
77,2006,380543.0
78,2006,355958.0
79,2006,341020.0
80,2006,323940.0
81,2006,301179.0
82,2006,280744.0
83,2006,260698.0
84,2006,248820.0
85,2006,234817.0
86,2006,205791.0
87,2006,145681.0
88,2006,104596.0
89,2006,99493.0
90,2006,409316.0
0,2005,693806.0
1,2005,682693.0
2,2005,659440.0
3,2005,644118.0
4,2005,652704.0
5,2005,668697.0
6,2005,689328.0
7,2005,701072.0
8,2005,720180.0
9,2005,715993.0
10,2005,717059.0
11,2005,735689.0
12,2005,739868.0
13,2005,761277.0
14,2005,771756.0
15,2005,754656.0
16,2005,750028.0
17,2005,760431.0
18,2005,745490.0
19,2005,756971.0
20,2005,769752.0
21,2005,753509.0
22,2005,753200.0
23,2005,756010.0
24,2005,786776.0
25,2005,790129.0
26,2005,756693.0
27,2005,715764.0
28,2005,715250.0
29,2005,736983.0
30,2005,757065.0
31,2005,774383.0
32,2005,816104.0
33,2005,854434.0
34,2005,882442.0
35,2005,871684.0
36,2005,895892.0
37,2005,902410.0
38,2005,921725.0
39,2005,922430.0
40,2005,927955.0
41,2005,918484.0
42,2005,901270.0
43,2005,882237.0
44,2005,856832.0
45,2005,824470.0
46,2005,809520.0
47,2005,795428.0
48,2005,766732.0
49,2005,741556.0
50,2005,719476.0
51,2005,723057.0
52,2005,715813.0
53,2005,704718.0
54,2005,710607.0
55,2005,729117.0
56,2005,751811.0
57,2005,800181.0
58,2005,855743.0
59,2005,682111.0
60,2005,664606.0
61,2005,657033.0
62,2005,624939.0
63,2005,564094.0
64,2005,523783.0
65,2005,544858.0
66,2005,543609.0
67,2005,534978.0
68,2005,517359.0
69,2005,500042.0
70,2005,482946.0
71,2005,458560.0
72,2005,449084.0
73,2005,446274.0
74,2005,437902.0
75,2005,420512.0
76,2005,396777.0
77,2005,373059.0
78,2005,359033.0
79,2005,342772.0
80,2005,320850.0
81,2005,301158.0
82,2005,281519.0
83,2005,271469.0
84,2005,258929.0
85,2005,230231.0
86,2005,162177.0
87,2005,119884.0
88,2005,115472.0
89,2005,103402.0
90,2005,407223.0
0,2004,682504.0
1,2004,658253.0
2,2004,642299.0
3,2004,649183.0
4,2004,666813.0
5,2004,687091.0
6,2004,698874.0
7,2004,717997.0
8,2004,713289.0
9,2004,713935.0
10,2004,731836.0
11,2004,737850.0
12,2004,760259.0
13,2004,770994.0
14,2004,752246.0
15,2004,746597.0
16,2004,757085.0
17,2004,738613.0
18,2004,739137.0
19,2004,755350.0
20,2004,734330.0
21,2004,727509.0
22,2004,730183.0
23,2004,761866.0
24,2004,769664.0
25,2004,737300.0
26,2004,699422.0
27,2004,699378.0
28,2004,722716.0
29,2004,748011.0
30,2004,766781.0
31,2004,808946.0
32,2004,848959.0
33,2004,876549.0
34,2004,866954.0
35,2004,891858.0
36,2004,899044.0
37,2004,919591.0
38,2004,920438.0
39,2004,926347.0
40,2004,916983.0
41,2004,900245.0
42,2004,880899.0
43,2004,856207.0
44,2004,825254.0
45,2004,810384.0
46,2004,797026.0
47,2004,768143.0
48,2004,742836.0
49,2004,721456.0
50,2004,724812.0
51,2004,717232.0
52,2004,707219.0
53,2004,713011.0
54,2004,732601.0
55,2004,756026.0
56,2004,805772.0
57,2004,858863.0
58,2004,687832.0
59,2004,671346.0
60,2004,662619.0
61,2004,631559.0
62,2004,570650.0
63,2004,531496.0
64,2004,552344.0
65,2004,551406.0
66,2004,543217.0
67,2004,526475.0
68,2004,509531.0
69,2004,492516.0
70,2004,469020.0
71,2004,460705.0
72,2004,458638.0
73,2004,451668.0
74,2004,434968.0
75,2004,412605.0
76,2004,389329.0
77,2004,376811.0
78,2004,361954.0
79,2004,340342.0
80,2004,321666.0
81,2004,302481.0
82,2004,294304.0
83,2004,283604.0
84,2004,255871.0
85,2004,179431.0
86,2004,135828.0
87,2004,132849.0
88,2004,121241.0
89,2004,112207.0
90,2004,398789.0
0,2003,658620.0
1,2003,641433.0
2,2003,646294.0
3,2003,663417.0
4,2003,682923.0
5,2003,695214.0
6,2003,713871.0
7,2003,708989.0
8,2003,710555.0
9,2003,729264.0
10,2003,736409.0
11,2003,760047.0
12,2003,770887.0
13,2003,754107.0
14,2003,745289.0
15,2003,755138.0
16,2003,737400.0
17,2003,732815.0
18,2003,741039.0
19,2003,723629.0
20,2003,710751.0
21,2003,709425.0
22,2003,741974.0
23,2003,748692.0
24,2003,723939.0
25,2003,688501.0
26,2003,688893.0
27,2003,712987.0
28,2003,739210.0
29,2003,764162.0
30,2003,806390.0
31,2003,847091.0
32,2003,874606.0
33,2003,866183.0
34,2003,889931.0
35,2003,897939.0
36,2003,919118.0
37,2003,919873.0
38,2003,925720.0
39,2003,917921.0
40,2003,901611.0
41,2003,881509.0
42,2003,857745.0
43,2003,826581.0
44,2003,811348.0
45,2003,798616.0
46,2003,769576.0
47,2003,744071.0
48,2003,723539.0
49,2003,728164.0
50,2003,720074.0
51,2003,711353.0
52,2003,716819.0
53,2003,737023.0
54,2003,760334.0
55,2003,811704.0
56,2003,862269.0
57,2003,693598.0
58,2003,677229.0
59,2003,667196.0
60,2003,637290.0
61,2003,576193.0
62,2003,538227.0
63,2003,559408.0
64,2003,559478.0
65,2003,551508.0
66,2003,535240.0
67,2003,519022.0
68,2003,502372.0
69,2003,479184.0
70,2003,471957.0
71,2003,470955.0
72,2003,465152.0
73,2003,449321.0
74,2003,427978.0
75,2003,405211.0
76,2003,394282.0
77,2003,380574.0
78,2003,359691.0
79,2003,341875.0
80,2003,323727.0
81,2003,317309.0
82,2003,308640.0
83,2003,282004.0
84,2003,196972.0
85,2003,152966.0
86,2003,151199.0
87,2003,140177.0
88,2003,131046.0
89,2003,111873.0
90,2003,389902.0
0,2002,640489.0
1,2002,643356.0
2,2002,660171.0
3,2002,678916.0
4,2002,691180.0
5,2002,709752.0
6,2002,704451.0
7,2002,706859.0
8,2002,725240.0
9,2002,733380.0
10,2002,757500.0
11,2002,768696.0
12,2002,753263.0
13,2002,744958.0
14,2002,753496.0
15,2002,735943.0
16,2002,729348.0
17,2002,734367.0
18,2002,710094.0
19,2002,702247.0
20,2002,697804.0
21,2002,729955.0
22,2002,736473.0
23,2002,711436.0
24,2002,678099.0
25,2002,678728.0
26,2002,703552.0
27,2002,730402.0
28,2002,756211.0
29,2002,803206.0
30,2002,844573.0
31,2002,871197.0
32,2002,864436.0
33,2002,888462.0
34,2002,896660.0
35,2002,918520.0
36,2002,919120.0
37,2002,924720.0
38,2002,916583.0
39,2002,901819.0
40,2002,881510.0
41,2002,858285.0
42,2002,826955.0
43,2002,811682.0
44,2002,799685.0
45,2002,770469.0
46,2002,744882.0
47,2002,725127.0
48,2002,729712.0
49,2002,722262.0
50,2002,714682.0
51,2002,719947.0
52,2002,740647.0
53,2002,764243.0
54,2002,818266.0
55,2002,866595.0
56,2002,700104.0
57,2002,683630.0
58,2002,672129.0
59,2002,642390.0
60,2002,580985.0
61,2002,544238.0
62,2002,565719.0
63,2002,565990.0
64,2002,559339.0
65,2002,543783.0
66,2002,527643.0
67,2002,511112.0
68,2002,489011.0
69,2002,482503.0
70,2002,482221.0
71,2002,478133.0
72,2002,463058.0
73,2002,442712.0
74,2002,420565.0
75,2002,411320.0
76,2002,398758.0
77,2002,378477.0
78,2002,361807.0
79,2002,344556.0
80,2002,339834.0
81,2002,333427.0
82,2002,307943.0
83,2002,214482.0
84,2002,170072.0
85,2002,169782.0
86,2002,159678.0
87,2002,150870.0
88,2002,131053.0
89,2002,109837.0
90,2002,380371.0
0,2001,641121.0
1,2001,657228.0
2,2001,675525.0
3,2001,687545.0
4,2001,705845.0
5,2001,700781.0
6,2001,703821.0
7,2001,721429.0
8,2001,731074.0
9,2001,754675.0
10,2001,765804.0
11,2001,752916.0
12,2001,745518.0
13,2001,755276.0
14,2001,737810.0
15,2001,729232.0
16,2001,734000.0
17,2001,706224.0
18,2001,690836.0
19,2001,687850.0
20,2001,718756.0
21,2001,722550.0
22,2001,697772.0
23,2001,665833.0
24,2001,667380.0
25,2001,693496.0
26,2001,721567.0
27,2001,747901.0
28,2001,796236.0
29,2001,842239.0
30,2001,868544.0
31,2001,862158.0
32,2001,886898.0
33,2001,895751.0
34,2001,917395.0
35,2001,917750.0
36,2001,923403.0
37,2001,915189.0
38,2001,900348.0
39,2001,878214.0
40,2001,856078.0
41,2001,824966.0
42,2001,809860.0
43,2001,798567.0
44,2001,773964.0
45,2001,748033.0
46,2001,728942.0
47,2001,733281.0
48,2001,725175.0
49,2001,716804.0
50,2001,721794.0
51,2001,743053.0
52,2001,767066.0
53,2001,822388.0
54,2001,868805.0
55,2001,705176.0
56,2001,688678.0
57,2001,675608.0
58,2001,647242.0
59,2001,585448.0
60,2001,549771.0
61,2001,571519.0
62,2001,572037.0
63,2001,565873.0
64,2001,551412.0
65,2001,535772.0
66,2001,519468.0
67,2001,497823.0
68,2001,492445.0
69,2001,492820.0
70,2001,490259.0
71,2001,475945.0
72,2001,456680.0
73,2001,435313.0
74,2001,427501.0
75,2001,416216.0
76,2001,396757.0
77,2001,380911.0
78,2001,364234.0
79,2001,361965.0
80,2001,357426.0
81,2001,333516.0
82,2001,231979.0
83,2001,186876.0
84,2001,188553.0
85,2001,179529.0
86,2001,171424.0
87,2001,150820.0
88,2001,128554.0
89,2001,106400.0
90,2001,369562.0
0,2000,660137.0
1,2000,678440.0
2,2000,688504.0
3,2000,707153.0
4,2000,699606.0
5,2000,704004.0
6,2000,723167.0
7,2000,730865.0
8,2000,754715.0
9,2000,765651.0
10,2000,751808.0
11,2000,745216.0
12,2000,754535.0
13,2000,737286.0
14,2000,726445.0
15,2000,728731.0
16,2000,700044.0
17,2000,693655.0
18,2000,684067.0
19,2000,698201.0
20,2000,717560.0
21,2000,689955.0
22,2000,653517.0
23,2000,653953.0
24,2000,682461.0
25,2000,711407.0
26,2000,737987.0
27,2000,787915.0
28,2000,835250.0
29,2000,862900.0
30,2000,856887.0
31,2000,882945.0
32,2000,892053.0
33,2000,914420.0
34,2000,916814.0
35,2000,923056.0
36,2000,915784.0
37,2000,900292.0
38,2000,878014.0
39,2000,858698.0
40,2000,825851.0
41,2000,810569.0
42,2000,798911.0
43,2000,774420.0
44,2000,749502.0
45,2000,729977.0
46,2000,734713.0
47,2000,727142.0
48,2000,718149.0
49,2000,724956.0
50,2000,745933.0
51,2000,770170.0
52,2000,825572.0
53,2000,876100.0
54,2000,707460.0
55,2000,691462.0
56,2000,679797.0
57,2000,651346.0
58,2000,589907.0
59,2000,553711.0
60,2000,576617.0
61,2000,578173.0
62,2000,572204.0
63,2000,557590.0
64,2000,542242.0
65,2000,526649.0
66,2000,505583.0
67,2000,500525.0
68,2000,502388.0
69,2000,501309.0
70,2000,487923.0
71,2000,469271.0
72,2000,449110.0
73,2000,442351.0
74,2000,432343.0
75,2000,413542.0
76,2000,398658.0
77,2000,383087.0
78,2000,382275.0
79,2000,379317.0
80,2000,358912.0
81,2000,246419.0
82,2000,203643.0
83,2000,207311.0
84,2000,200216.0
85,2000,192179.0
86,2000,171175.0
87,2000,147884.0
88,2000,124197.0
89,2000,103774.0
90,2000,356508.0
0,1999,681260.0
1,1999,689443.0
2,1999,707631.0
3,1999,698109.0
4,1999,705114.0
5,1999,724852.0
6,1999,731604.0
7,1999,755638.0
8,1999,765355.0
9,1999,751651.0
10,1999,745049.0
11,1999,754820.0
12,1999,736448.0
13,1999,726573.0
14,1999,730183.0
15,1999,700031.0
16,1999,695377.0
17,1999,697778.0
18,1999,702502.0
19,1999,703017.0
20,1999,688162.0
21,1999,647502.0
22,1999,645153.0
23,1999,675029.0
24,1999,698367.0
25,1999,726496.0
26,1999,777159.0
27,1999,825195.0
28,1999,854791.0
29,1999,849474.0
30,1999,877135.0
31,1999,887238.0
32,1999,910032.0
33,1999,913285.0
34,1999,922211.0
35,1999,915060.0
36,1999,899916.0
37,1999,877623.0
38,1999,858308.0
39,1999,826182.0
40,1999,809720.0
41,1999,797840.0
42,1999,773208.0
43,1999,748865.0
44,1999,730023.0
45,1999,735446.0
46,1999,728069.0
47,1999,718675.0
48,1999,726495.0
49,1999,747402.0
50,1999,771747.0
51,1999,827037.0
52,1999,880324.0
53,1999,707743.0
54,1999,693561.0
55,1999,684163.0
56,1999,655034.0
57,1999,594084.0
58,1999,556925.0
59,1999,580646.0
60,1999,582657.0
61,1999,577370.0
62,1999,562923.0
63,1999,548295.0
64,1999,533050.0
65,1999,512901.0
66,1999,508420.0
67,1999,511525.0
68,1999,511765.0
69,1999,499632.0
70,1999,481687.0
71,1999,462763.0
72,1999,457143.0
73,1999,448763.0
74,1999,430869.0
75,1999,416862.0
76,1999,402577.0
77,1999,403345.0
78,1999,401974.0
79,1999,384986.0
80,1999,261855.0
81,1999,220875.0
82,1999,226869.0
83,1999,221603.0
84,1999,214437.0
85,1999,193133.0
86,1999,168776.0
87,1999,143629.0
88,1999,121632.0
89,1999,103009.0
90,1999,346336.0
0,1998,688970.0
1,1998,707120.0
2,1998,696096.0
3,1998,704654.0
4,1998,725208.0
5,1998,730350.0
6,1998,755464.0
7,1998,763877.0
8,1998,749963.0
9,1998,743965.0
10,1998,753097.0
11,1998,735108.0
12,1998,725126.0
13,1998,728609.0
14,1998,698894.0
15,1998,694782.0
16,1998,696665.0
17,1998,710456.0
18,1998,704567.0
19,1998,676734.0
20,1998,643752.0
21,1998,637836.0
22,1998,667013.0
23,1998,690816.0
24,1998,717001.0
25,1998,769037.0
26,1998,817471.0
27,1998,849064.0
28,1998,844128.0
29,1998,872496.0
30,1998,883359.0
31,1998,907132.0
32,1998,911244.0
33,1998,921810.0
34,1998,915110.0
35,1998,899212.0
36,1998,877583.0
37,1998,858443.0
38,1998,825430.0
39,1998,809785.0
40,1998,796916.0
41,1998,772502.0
42,1998,748572.0
43,1998,729262.0
44,1998,736038.0
45,1998,728836.0
46,1998,719141.0
47,1998,727986.0
48,1998,748837.0
49,1998,774018.0
50,1998,829147.0
51,1998,884941.0
52,1998,709425.0
53,1998,695013.0
54,1998,687630.0
55,1998,658174.0
56,1998,597639.0
57,1998,559663.0
58,1998,584683.0
59,1998,587273.0
60,1998,581896.0
61,1998,568367.0
62,1998,554163.0
63,1998,539249.0
64,1998,519766.0
65,1998,515933.0
66,1998,520822.0
67,1998,521886.0
68,1998,510702.0
69,1998,493504.0
70,1998,475847.0
71,1998,471398.0
72,1998,464569.0
73,1998,447483.0
74,1998,434586.0
75,1998,421336.0
76,1998,423725.0
77,1998,424035.0
78,1998,410681.0
79,1998,276812.0
80,1998,237714.0
81,1998,246367.0
82,1998,243219.0
83,1998,237299.0
84,1998,216183.0
85,1998,190454.0
86,1998,164327.0
87,1998,141330.0
88,1998,121383.0
89,1998,102223.0
90,1998,336792.0
0,1997,708838.0
1,1997,694996.0
2,1997,704925.0
3,1997,726497.0
4,1997,730081.0
5,1997,755278.0
6,1997,763627.0
7,1997,749068.0
8,1997,743431.0
9,1997,753028.0
10,1997,733896.0
11,1997,724857.0
12,1997,726796.0
13,1997,697972.0
14,1997,694118.0
15,1997,696377.0
16,1997,710076.0
17,1997,713685.0
18,1997,679156.0
19,1997,626910.0
20,1997,632522.0
21,1997,662093.0
22,1997,687994.0
23,1997,714884.0
24,1997,765387.0
25,1997,814400.0
26,1997,846602.0
27,1997,842129.0
28,1997,870655.0
29,1997,882308.0
30,1997,906209.0
31,1997,911096.0
32,1997,922254.0
33,1997,916783.0
34,1997,900800.0
35,1997,878587.0
36,1997,860116.0
37,1997,826257.0
38,1997,809827.0
39,1997,797086.0
40,1997,772815.0
41,1997,749132.0
42,1997,729436.0
43,1997,736826.0
44,1997,730571.0
45,1997,720020.0
46,1997,729873.0
47,1997,750733.0
48,1997,776084.0
49,1997,831242.0
50,1997,889638.0
51,1997,710812.0
52,1997,697203.0
53,1997,691847.0
54,1997,661240.0
55,1997,601314.0
56,1997,562791.0
57,1997,588640.0
58,1997,591645.0
59,1997,586761.0
60,1997,572898.0
61,1997,559961.0
62,1997,545375.0
63,1997,526071.0
64,1997,522858.0
65,1997,529177.0
66,1997,531599.0
67,1997,521072.0
68,1997,504599.0
69,1997,488195.0
70,1997,484576.0
71,1997,479455.0
72,1997,463045.0
73,1997,451196.0
74,1997,439166.0
75,1997,443203.0
76,1997,445076.0
77,1997,434912.0
78,1997,291270.0
79,1997,254056.0
80,1997,265272.0
81,1997,263923.0
82,1997,259430.0
83,1997,238356.0
84,1997,211821.0
85,1997,184972.0
86,1997,160738.0
87,1997,140226.0
88,1997,119637.0
89,1997,99762.0
90,1997,320867.0
0,1996,695121.0
1,1996,706016.0
2,1996,727675.0
3,1996,730392.0
4,1996,755694.0
5,1996,763257.0
6,1996,748700.0
7,1996,743283.0
8,1996,753004.0
9,1996,733593.0
10,1996,724272.0
11,1996,725989.0
12,1996,696813.0
13,1996,694427.0
14,1996,695227.0
15,1996,709292.0
16,1996,713074.0
17,1996,686770.0
18,1996,626585.0
19,1996,619734.0
20,1996,658665.0
21,1996,685074.0
22,1996,712206.0
23,1996,763822.0
24,1996,811892.0
25,1996,845174.0
26,1996,840489.0
27,1996,869797.0
28,1996,880802.0
29,1996,904773.0
30,1996,910362.0
31,1996,922444.0
32,1996,917500.0
33,1996,901761.0
34,1996,880563.0
35,1996,861650.0
36,1996,827630.0
37,1996,810634.0
38,1996,796960.0
39,1996,772897.0
40,1996,749655.0
41,1996,729650.0
42,1996,737532.0
43,1996,731184.0
44,1996,720996.0
45,1996,731677.0
46,1996,752760.0
47,1996,778182.0
48,1996,833235.0
49,1996,894551.0
50,1996,712183.0
51,1996,699040.0
52,1996,695236.0
53,1996,664151.0
54,1996,604612.0
55,1996,565010.0
56,1996,592330.0
57,1996,595891.0
58,1996,590951.0
59,1996,577513.0
60,1996,565193.0
61,1996,551355.0
62,1996,532269.0
63,1996,529464.0
64,1996,537574.0
65,1996,540960.0
66,1996,531180.0
67,1996,515205.0
68,1996,500079.0
69,1996,497639.0
70,1996,493788.0
71,1996,478117.0
72,1996,467694.0
73,1996,456557.0
74,1996,462493.0
75,1996,466016.0
76,1996,459275.0
77,1996,306048.0
78,1996,270700.0
79,1996,284511.0
80,1996,285389.0
81,1996,282158.0
82,1996,261930.0
83,1996,234505.0
84,1996,206928.0
85,1996,182060.0
86,1996,160848.0
87,1996,138943.0
88,1996,117840.0
89,1996,95700.0
90,1996,309853.0
0,1995,707888.0
1,1995,729163.0
2,1995,730181.0
3,1995,755734.0
4,1995,762528.0
5,1995,747094.0
6,1995,742768.0
7,1995,752671.0
8,1995,732701.0
9,1995,723974.0
10,1995,724164.0
11,1995,695492.0
12,1995,693957.0
13,1995,694754.0
14,1995,708319.0
15,1995,712881.0
16,1995,686570.0
17,1995,632392.0
18,1995,618275.0
19,1995,650356.0
20,1995,682836.0
21,1995,709287.0
22,1995,761231.0
23,1995,810579.0
24,1995,842597.0
25,1995,838388.0
26,1995,868316.0
27,1995,878380.0
28,1995,903297.0
29,1995,909037.0
30,1995,922657.0
31,1995,917691.0
32,1995,901763.0
33,1995,881162.0
34,1995,863981.0
35,1995,828495.0
36,1995,811339.0
37,1995,796789.0
38,1995,772609.0
39,1995,749995.0
40,1995,729616.0
41,1995,737871.0
42,1995,732116.0
43,1995,721118.0
44,1995,733547.0
45,1995,754344.0
46,1995,780120.0
47,1995,834787.0
48,1995,898761.0
49,1995,712969.0
50,1995,700399.0
51,1995,698360.0
52,1995,666726.0
53,1995,607842.0
54,1995,567076.0
55,1995,595329.0
56,1995,599677.0
57,1995,594841.0
58,1995,581714.0
59,1995,570109.0
60,1995,556362.0
61,1995,538269.0
62,1995,535741.0
63,1995,545009.0
64,1995,549794.0
65,1995,540685.0
66,1995,525553.0
67,1995,511425.0
68,1995,509905.0
69,1995,507774.0
70,1995,492941.0
71,1995,483423.0
72,1995,473547.0
73,1995,481313.0
74,1995,486322.0
75,1995,483022.0
76,1995,320697.0
77,1995,287208.0
78,1995,303458.0
79,1995,306814.0
80,1995,305239.0
81,1995,285331.0
82,1995,257714.0
83,1995,229690.0
84,1995,204024.0
85,1995,182467.0
86,1995,159495.0
87,1995,137147.0
88,1995,113322.0
89,1995,92740.0
90,1995,299624.0
0,1994,730908.0
1,1994,729917.0
2,1994,755972.0
3,1994,761792.0
4,1994,746819.0
5,1994,741665.0
6,1994,752295.0
7,1994,731828.0
8,1994,723923.0
9,1994,722827.0
10,1994,693956.0
11,1994,693918.0
12,1994,694226.0
13,1994,707761.0
14,1994,711745.0
15,1994,686174.0
16,1994,632536.0
17,1994,622027.0
18,1994,646851.0
19,1994,676056.0
20,1994,706217.0
21,1994,757507.0
22,1994,806938.0
23,1994,841454.0
24,1994,835216.0
25,1994,865318.0
26,1994,875379.0
27,1994,900847.0
28,1994,907495.0
29,1994,922655.0
30,1994,918359.0
31,1994,902263.0
32,1994,881560.0
33,1994,865531.0
34,1994,830371.0
35,1994,811837.0
36,1994,797130.0
37,1994,772652.0
38,1994,750095.0
39,1994,729407.0
40,1994,738429.0
41,1994,732965.0
42,1994,721268.0
43,1994,734509.0
44,1994,756202.0
45,1994,781778.0
46,1994,836485.0
47,1994,903080.0
48,1994,714020.0
49,1994,701703.0
50,1994,701205.0
51,1994,669086.0
52,1994,610644.0
53,1994,568189.0
54,1994,598447.0
55,1994,603127.0
56,1994,598881.0
57,1994,585802.0
58,1994,574541.0
59,1994,561268.0
60,1994,543327.0
61,1994,541756.0
62,1994,552066.0
63,1994,557750.0
64,1994,549605.0
65,1994,535202.0
66,1994,522060.0
67,1994,521313.0
68,1994,520696.0
69,1994,506609.0
70,1994,498278.0
71,1994,489424.0
72,1994,499073.0
73,1994,505821.0
74,1994,505654.0
75,1994,334443.0
76,1994,303014.0
77,1994,321460.0
78,1994,327230.0
79,1994,327268.0
80,1994,308130.0
81,1994,280353.0
82,1994,251920.0
83,1994,225935.0
84,1994,204047.0
85,1994,180230.0
86,1994,156658.0
87,1994,131264.0
88,1994,108715.0
89,1994,91195.0
90,1994,284886.0
0,1993,732365.0
1,1993,756656.0
2,1993,761298.0
3,1993,745979.0
4,1993,741331.0
5,1993,751974.0
6,1993,731119.0
7,1993,723593.0
8,1993,721613.0
9,1993,692784.0
10,1993,693371.0
11,1993,694161.0
12,1993,707136.0
13,1993,711150.0
14,1993,685437.0
15,1993,632417.0
16,1993,622100.0
17,1993,650739.0
18,1993,674167.0
19,1993,701544.0
20,1993,756292.0
21,1993,805214.0
22,1993,841167.0
23,1993,835582.0
24,1993,864723.0
25,1993,874516.0
26,1993,899576.0
27,1993,907193.0
28,1993,923087.0
29,1993,919925.0
30,1993,902804.0
31,1993,882306.0
32,1993,866496.0
33,1993,830943.0
34,1993,812149.0
35,1993,796282.0
36,1993,772107.0
37,1993,749969.0
38,1993,728569.0
39,1993,738555.0
40,1993,733328.0
41,1993,721307.0
42,1993,735555.0
43,1993,756899.0
44,1993,783474.0
45,1993,837379.0
46,1993,907367.0
47,1993,714348.0
48,1993,702503.0
49,1993,704313.0
50,1993,670988.0
51,1993,613308.0
52,1993,569867.0
53,1993,600735.0
54,1993,606086.0
55,1993,602240.0
56,1993,589645.0
57,1993,578786.0
58,1993,566026.0
59,1993,548181.0
60,1993,546430.0
61,1993,558848.0
62,1993,565431.0
63,1993,558130.0
64,1993,544243.0
65,1993,532296.0
66,1993,532554.0
67,1993,532951.0
68,1993,519485.0
69,1993,512661.0
70,1993,504916.0
71,1993,516438.0
72,1993,524516.0
73,1993,528429.0
74,1993,348224.0
75,1993,318608.0
76,1993,339717.0
77,1993,346895.0
78,1993,349340.0
79,1993,331630.0
80,1993,304101.0
81,1993,275050.0
82,1993,248342.0
83,1993,227105.0
84,1993,202701.0
85,1993,178398.0
86,1993,151228.0
87,1993,127492.0
88,1993,108160.0
89,1993,88329.0
90,1993,274965.0
0,1992,759444.0
1,1992,761707.0
2,1992,745514.0
3,1992,741937.0
4,1992,752013.0
5,1992,730875.0
6,1992,724006.0
7,1992,720852.0
8,1992,692101.0
9,1992,694406.0
10,1992,693710.0
11,1992,706962.0
12,1992,710887.0
13,1992,685283.0
14,1992,631780.0
15,1992,622202.0
16,1992,651399.0
17,1992,677916.0
18,1992,700123.0
19,1992,753147.0
20,1992,803861.0
21,1992,840816.0
22,1992,835727.0
23,1992,866498.0
24,1992,874662.0
25,1992,900350.0
26,1992,908295.0
27,1992,926370.0
28,1992,923269.0
29,1992,906015.0
30,1992,884808.0
31,1992,869613.0
32,1992,832567.0
33,1992,813411.0
34,1992,796927.0
35,1992,772282.0
36,1992,750802.0
37,1992,728815.0
38,1992,738841.0
39,1992,734937.0
40,1992,721598.0
41,1992,736929.0
42,1992,758017.0
43,1992,784923.0
44,1992,839055.0
45,1992,911768.0
46,1992,714644.0
47,1992,703464.0
48,1992,706970.0
49,1992,673139.0
50,1992,615738.0
51,1992,571124.0
52,1992,603431.0
53,1992,608762.0
54,1992,605202.0
55,1992,592834.0
56,1992,582814.0
57,1992,570558.0
58,1992,553044.0
59,1992,551527.0
60,1992,564981.0
61,1992,572972.0
62,1992,566302.0
63,1992,552707.0
64,1992,542039.0
65,1992,543089.0
66,1992,545117.0
67,1992,531932.0
68,1992,526283.0
69,1992,519666.0
70,1992,532679.0
71,1992,542459.0
72,1992,549699.0
73,1992,361095.0
74,1992,333616.0
75,1992,357207.0
76,1992,367768.0
77,1992,371097.0
78,1992,353640.0
79,1992,326353.0
80,1992,297420.0
81,1992,270721.0
82,1992,249414.0
83,1992,224564.0
84,1992,199480.0
85,1992,171162.0
86,1992,146022.0
87,1992,125423.0
88,1992,103507.0
89,1992,85067.0
90,1992,257115.0
0,1991,763822.0
1,1991,745564.0
2,1991,741502.0
3,1991,752849.0
4,1991,731256.0
5,1991,724191.0
6,1991,720529.0
7,1991,691495.0
8,1991,694842.0
9,1991,694878.0
10,1991,706113.0
11,1991,711140.0
12,1991,684899.0
13,1991,631669.0
14,1991,621682.0
15,1991,651703.0
16,1991,680278.0
17,1991,703761.0
18,1991,752898.0
19,1991,802435.0
20,1991,840412.0
21,1991,835599.0
22,1991,867366.0
23,1991,876285.0
24,1991,900463.0
25,1991,909851.0
26,1991,929802.0
27,1991,928008.0
28,1991,909359.0
29,1991,888689.0
30,1991,873119.0
31,1991,834846.0
32,1991,814107.0
33,1991,796956.0
34,1991,773006.0
35,1991,751316.0
36,1991,728922.0
37,1991,739828.0
38,1991,735354.0
39,1991,721942.0
40,1991,737793.0
41,1991,759432.0
42,1991,786214.0
43,1991,839748.0
44,1991,917376.0
45,1991,714672.0
46,1991,704223.0
47,1991,709909.0
48,1991,674861.0
49,1991,618463.0
50,1991,571821.0
51,1991,605622.0
52,1991,611458.0
53,1991,607558.0
54,1991,595588.0
55,1991,586274.0
56,1991,574739.0
57,1991,557418.0
58,1991,555988.0
59,1991,570748.0
60,1991,579688.0
61,1991,573991.0
62,1991,560473.0
63,1991,551049.0
64,1991,552811.0
65,1991,556434.0
66,1991,544085.0
67,1991,539089.0
68,1991,533813.0
69,1991,548297.0
70,1991,559672.0
71,1991,570410.0
72,1991,373414.0
73,1991,347995.0
74,1991,374293.0
75,1991,386766.0
76,1991,392354.0
77,1991,375929.0
78,1991,348498.0
79,1991,319842.0
80,1991,293081.0
81,1991,272066.0
82,1991,247095.0
83,1991,221517.0
84,1991,191940.0
85,1991,165911.0
86,1991,143960.0
87,1991,120366.0
88,1991,100337.0
89,1991,81263.0
90,1991,242283.0
0,1990,747484.0
1,1990,741055.0
2,1990,749878.0
3,1990,729475.0
4,1990,723096.0
5,1990,718739.0
6,1990,690141.0
7,1990,693501.0
8,1990,693348.0
9,1990,705078.0
10,1990,709416.0
11,1990,683701.0
12,1990,630122.0
13,1990,620333.0
14,1990,649888.0
15,1990,676090.0
16,1990,701177.0
17,1990,752390.0
18,1990,798609.0
19,1990,839308.0
20,1990,834467.0
21,1990,867407.0
22,1990,876681.0
23,1990,901166.0
24,1990,910594.0
25,1990,932225.0
26,1990,929893.0
27,1990,910819.0
28,1990,891056.0
29,1990,873016.0
30,1990,835190.0
31,1990,813459.0
32,1990,795863.0
33,1990,771470.0
34,1990,751193.0
35,1990,728643.0
36,1990,739819.0
37,1990,736136.0
38,1990,722239.0
39,1990,738350.0
40,1990,759914.0
41,1990,786948.0
42,1990,840474.0
43,1990,918113.0
44,1990,716326.0
45,1990,705556.0
46,1990,711329.0
47,1990,676670.0
48,1990,620199.0
49,1990,573953.0
50,1990,608186.0
51,1990,613931.0
52,1990,610381.0
53,1990,598843.0
54,1990,590089.0
55,1990,578964.0
56,1990,561872.0
57,1990,560935.0
58,1990,576475.0
59,1990,585719.0
60,1990,580942.0
61,1990,567998.0
62,1990,559216.0
63,1990,561784.0
64,1990,566615.0
65,1990,555002.0
66,1990,551111.0
67,1990,546638.0
68,1990,563170.0
69,1990,576912.0
70,1990,589371.0
71,1990,387040.0
72,1990,361378.0
73,1990,389979.0
74,1990,404494.0
75,1990,412261.0
76,1990,397257.0
77,1990,370367.0
78,1990,342163.0
79,1990,315981.0
80,1990,295116.0
81,1990,270238.0
82,1990,244175.0
83,1990,213895.0
84,1990,186862.0
85,1990,163770.0
86,1990,138770.0
87,1990,117221.0
88,1990,95884.0
89,1990,75745.0
90,1990,233151.0
0,1989,742949.0
1,1989,749991.0
2,1989,727010.0
3,1989,721981.0
4,1989,718015.0
5,1989,688456.0
6,1989,692828.0
7,1989,692077.0
8,1989,704519.0
9,1989,707851.0
10,1989,682204.0
11,1989,629192.0
12,1989,618965.0
13,1989,648105.0
14,1989,673954.0
15,1989,697536.0
16,1989,750068.0
17,1989,798491.0
18,1989,837743.0
19,1989,832493.0
20,1989,865539.0
21,1989,876634.0
22,1989,902222.0
23,1989,909942.0
24,1989,930814.0
25,1989,930561.0
26,1989,911957.0
27,1989,892425.0
28,1989,874007.0
29,1989,836147.0
30,1989,814450.0
31,1989,795370.0
32,1989,770838.0
33,1989,750661.0
34,1989,728244.0
35,1989,739973.0
36,1989,735979.0
37,1989,722201.0
38,1989,737499.0
39,1989,759240.0
40,1989,786405.0
41,1989,841399.0
42,1989,920017.0
43,1989,717679.0
44,1989,707374.0
45,1989,713160.0
46,1989,678839.0
47,1989,622170.0
48,1989,575849.0
49,1989,610480.0
50,1989,616151.0
51,1989,612964.0
52,1989,601824.0
53,1989,593197.0
54,1989,582634.0
55,1989,566008.0
56,1989,565716.0
57,1989,581936.0
58,1989,591315.0
59,1989,587428.0
60,1989,575080.0
61,1989,566866.0
62,1989,570262.0
63,1989,576029.0
64,1989,565628.0
65,1989,562751.0
66,1989,558979.0
67,1989,577646.0
68,1989,593318.0
69,1989,607952.0
70,1989,400053.0
71,1989,374372.0
72,1989,405349.0
73,1989,421916.0
74,1989,432168.0
75,1989,418558.0
76,1989,392426.0
77,1989,364450.0
78,1989,338753.0
79,1989,319028.0
80,1989,294465.0
81,1989,267871.0
82,1989,237108.0
83,1989,209054.0
84,1989,185549.0
85,1989,158897.0
86,1989,136078.0
87,1989,112525.0
88,1989,91487.0
89,1989,74394.0
90,1989,225328.0
0,1988,750845.0
1,1988,726234.0
2,1988,719032.0
3,1988,716913.0
4,1988,687800.0
5,1988,690981.0
6,1988,691235.0
7,1988,702780.0
8,1988,707410.0
9,1988,681547.0
10,1988,627484.0
11,1988,618135.0
12,1988,647257.0
13,1988,673465.0
14,1988,696179.0
15,1988,747506.0
16,1988,796992.0
17,1988,839955.0
18,1988,832066.0
19,1988,864906.0
20,1988,874750.0
21,1988,902443.0
22,1988,912485.0
23,1988,934499.0
24,1988,932945.0
25,1988,914249.0
26,1988,893631.0
27,1988,875330.0
28,1988,837178.0
29,1988,814170.0
30,1988,795507.0
31,1988,770487.0
32,1988,750132.0
33,1988,728121.0
34,1988,739861.0
35,1988,736322.0
36,1988,723356.0
37,1988,738895.0
38,1988,760900.0
39,1988,788049.0
40,1988,842008.0
41,1988,920259.0
42,1988,718632.0
43,1988,708402.0
44,1988,714292.0
45,1988,680397.0
46,1988,623631.0
47,1988,577795.0
48,1988,612862.0
49,1988,618451.0
50,1988,615481.0
51,1988,604540.0
52,1988,596261.0
53,1988,585941.0
54,1988,569359.0
55,1988,570012.0
56,1988,586809.0
57,1988,596314.0
58,1988,593166.0
59,1988,581533.0
60,1988,573701.0
61,1988,578112.0
62,1988,584400.0
63,1988,574924.0
64,1988,573263.0
65,1988,570077.0
66,1988,591021.0
67,1988,608183.0
68,1988,625064.0
69,1988,412341.0
70,1988,386621.0
71,1988,419497.0
72,1988,438038.0
73,1988,451039.0
74,1988,438452.0
75,1988,413369.0
76,1988,385593.0
77,1988,360335.0
78,1988,341317.0
79,1988,317599.0
80,1988,290769.0
81,1988,259153.0
82,1988,230787.0
83,1988,206820.0
84,1988,178759.0
85,1988,154817.0
86,1988,129328.0
87,1988,107443.0
88,1988,88571.0
89,1988,68465.0
90,1988,214973.0
0,1987,729024.0
1,1987,718993.0
2,1987,714955.0
3,1987,687404.0
4,1987,690853.0
5,1987,690683.0
6,1987,702182.0
7,1987,707061.0
8,1987,680925.0
9,1987,627407.0
10,1987,617193.0
11,1987,646742.0
12,1987,672737.0
13,1987,695629.0
14,1987,746769.0
15,1987,795134.0
16,1987,840816.0
17,1987,834146.0
18,1987,864195.0
19,1987,874372.0
20,1987,902350.0
21,1987,914549.0
22,1987,938346.0
23,1987,936866.0
24,1987,917658.0
25,1987,897499.0
26,1987,877888.0
27,1987,840084.0
28,1987,816936.0
29,1987,796372.0
30,1987,771925.0
31,1987,751263.0
32,1987,728788.0
33,1987,740401.0
34,1987,737243.0
35,1987,724193.0
36,1987,739949.0
37,1987,762040.0
38,1987,788998.0
39,1987,843538.0
40,1987,921641.0
41,1987,720215.0
42,1987,709893.0
43,1987,715923.0
44,1987,682603.0
45,1987,625616.0
46,1987,579990.0
47,1987,615342.0
48,1987,620726.0
49,1987,618293.0
50,1987,607426.0
51,1987,599188.0
52,1987,589333.0
53,1987,572587.0
54,1987,573942.0
55,1987,591505.0
56,1987,601505.0
57,1987,598868.0
58,1987,587910.0
59,1987,580455.0
60,1987,585635.0
61,1987,592674.0
62,1987,584041.0
63,1987,583414.0
64,1987,581196.0
65,1987,603740.0
66,1987,622919.0
67,1987,641824.0
68,1987,424377.0
69,1987,398455.0
70,1987,433504.0
71,1987,453892.0
72,1987,469796.0
73,1987,458072.0
74,1987,434091.0
75,1987,406637.0
76,1987,382015.0
77,1987,363728.0
78,1987,340441.0
79,1987,314167.0
80,1987,281829.0
81,1987,253182.0
82,1987,228954.0
83,1987,199866.0
84,1987,174808.0
85,1987,147756.0
86,1987,125026.0
87,1987,104374.0
88,1987,81355.0
89,1987,65711.0
90,1987,207458.0
0,1986,720598.0
1,1986,714623.0
2,1986,685011.0
3,1986,689908.0
4,1986,689829.0
5,1986,701169.0
6,1986,705826.0
7,1986,679945.0
8,1986,626409.0
9,1986,616736.0
10,1986,645240.0
11,1986,672246.0
12,1986,694535.0
13,1986,746047.0
14,1986,794282.0
15,1986,840084.0
16,1986,833695.0
17,1986,865017.0
18,1986,872525.0
19,1986,901054.0
20,1986,913224.0
21,1986,939550.0
22,1986,939016.0
23,1986,920015.0
24,1986,899221.0
25,1986,878930.0
26,1986,841263.0
27,1986,818025.0
28,1986,797425.0
29,1986,771843.0
30,1986,751794.0
31,1986,728992.0
32,1986,740367.0
33,1986,737172.0
34,1986,724461.0
35,1986,739931.0
36,1986,762521.0
37,1986,789971.0
38,1986,844133.0
39,1986,922418.0
40,1986,721565.0
41,1986,711178.0
42,1986,717199.0
43,1986,684314.0
44,1986,627439.0
45,1986,581930.0
46,1986,617686.0
47,1986,622981.0
48,1986,620784.0
49,1986,610369.0
50,1986,602215.0
51,1986,592500.0
52,1986,576207.0
53,1986,577865.0
54,1986,596207.0
55,1986,606345.0
56,1986,604480.0
57,1986,594357.0
58,1986,587553.0
59,1986,593170.0
60,1986,600889.0
61,1986,593056.0
62,1986,593787.0
63,1986,592610.0
64,1986,617462.0
65,1986,633518.0
66,1986,653210.0
67,1986,437031.0
68,1986,412200.0
69,1986,449492.0
70,1986,471177.0
71,1986,488239.0
72,1986,477153.0
73,1986,454572.0
74,1986,427925.0
75,1986,403965.0
76,1986,386054.0
77,1986,363309.0
78,1986,337027.0
79,1986,304024.0
80,1986,276204.0
81,1986,251419.0
82,1986,221751.0
83,1986,195619.0
84,1986,167236.0
85,1986,143298.0
86,1986,121066.0
87,1986,95427.0
88,1986,78236.0
89,1986,64594.0
90,1986,197389.0
0,1985,713929.0
1,1985,684710.0
2,1985,687289.0
3,1985,685973.0
4,1985,698578.0
5,1985,703555.0
6,1985,678329.0
7,1985,624706.0
8,1985,614828.0
9,1985,644167.0
10,1985,669749.0
11,1985,693301.0
12,1985,744680.0
13,1985,792596.0
14,1985,839872.0
15,1985,831788.0
16,1985,864979.0
17,1985,873404.0
18,1985,899607.0
19,1985,911994.0
20,1985,939021.0
21,1985,940503.0
22,1985,921728.0
23,1985,900406.0
24,1985,878930.0
25,1985,842010.0
26,1985,817944.0
27,1985,797117.0
28,1985,772051.0
29,1985,751282.0
30,1985,728791.0
31,1985,739872.0
32,1985,736462.0
33,1985,723811.0
34,1985,739946.0
35,1985,762668.0
36,1985,790490.0
37,1985,845133.0
38,1985,923227.0
39,1985,722026.0
40,1985,712300.0
41,1985,718237.0
42,1985,685696.0
43,1985,628778.0
44,1985,583705.0
45,1985,619835.0
46,1985,624828.0
47,1985,623045.0
48,1985,612887.0
49,1985,604756.0
50,1985,595252.0
51,1985,578964.0
52,1985,581325.0
53,1985,600172.0
54,1985,610330.0
55,1985,609409.0
56,1985,599835.0
57,1985,593388.0
58,1985,599830.0
59,1985,608134.0
60,1985,601026.0
61,1985,602885.0
62,1985,602296.0
63,1985,628683.0
64,1985,646857.0
65,1985,668402.0
66,1985,447799.0
67,1985,423152.0
68,1985,462536.0
69,1985,485997.0
70,1985,505732.0
71,1985,496014.0
72,1985,474603.0
73,1985,448289.0
74,1985,425603.0
75,1985,409179.0
76,1985,386908.0
77,1985,360722.0
78,1985,327708.0
79,1985,299369.0
80,1985,274973.0
81,1985,244788.0
82,1985,217758.0
83,1985,188288.0
84,1985,163215.0
85,1985,139599.0
86,1985,111385.0
87,1985,92390.0
88,1985,77276.0
89,1985,62792.0
90,1985,190221.0
0,1984,685922.0
1,1984,687518.0
2,1984,684306.0
3,1984,696800.0
4,1984,701536.0
5,1984,676588.0
6,1984,623124.0
7,1984,613124.0
8,1984,642748.0
9,1984,668164.0
10,1984,691240.0
11,1984,743600.0
12,1984,791140.0
13,1984,840166.0
14,1984,831126.0
15,1984,863088.0
16,1984,872253.0
17,1984,900065.0
18,1984,910602.0
19,1984,937986.0
20,1984,939313.0
21,1984,921726.0
22,1984,901241.0
23,1984,878800.0
24,1984,841721.0
25,1984,817745.0
26,1984,796183.0
27,1984,771524.0
28,1984,751520.0
29,1984,728238.0
30,1984,739419.0
31,1984,735707.0
32,1984,722706.0
33,1984,738528.0
34,1984,761565.0
35,1984,789969.0
36,1984,845054.0
37,1984,923578.0
38,1984,722380.0
39,1984,712406.0
40,1984,718720.0
41,1984,686622.0
42,1984,629641.0
43,1984,584923.0
44,1984,621652.0
45,1984,626297.0
46,1984,624640.0
47,1984,614885.0
48,1984,606942.0
49,1984,597663.0
50,1984,581145.0
51,1984,584057.0
52,1984,603514.0
53,1984,613860.0
54,1984,613720.0
55,1984,604784.0
56,1984,598743.0
57,1984,605879.0
58,1984,614409.0
59,1984,608458.0
60,1984,610977.0
61,1984,611196.0
62,1984,639114.0
63,1984,659355.0
64,1984,682636.0
65,1984,457813.0
66,1984,433328.0
67,1984,474627.0
68,1984,500182.0
69,1984,522422.0
70,1984,513903.0
71,1984,493474.0
72,1984,467807.0
73,1984,446194.0
74,1984,430896.0
75,1984,409757.0
76,1984,383727.0
77,1984,350297.0
78,1984,322237.0
79,1984,297329.0
80,1984,267799.0
81,1984,239903.0
82,1984,209577.0
83,1984,183552.0
84,1984,158721.0
85,1984,128066.0
86,1984,107287.0
87,1984,90802.0
88,1984,74894.0
89,1984,60192.0
90,1984,182973.0
0,1983,687836.0
1,1983,684015.0
2,1983,696155.0
3,1983,700939.0
4,1983,675993.0
5,1983,622489.0
6,1983,612496.0
7,1983,642090.0
8,1983,667365.0
9,1983,690919.0
10,1983,743349.0
11,1983,791134.0
12,1983,841686.0
13,1983,832361.0
14,1983,862881.0
15,1983,870467.0
16,1983,901089.0
17,1983,918004.0
18,1983,942507.0
19,1983,940993.0
20,1983,920125.0
21,1983,900690.0
22,1983,876906.0
23,1983,839831.0
24,1983,815002.0
25,1983,794283.0
26,1983,769872.0
27,1983,750595.0
28,1983,727440.0
29,1983,738856.0
30,1983,735677.0
31,1983,722719.0
32,1983,738208.0
33,1983,761521.0
34,1983,789135.0
35,1983,844727.0
36,1983,923631.0
37,1983,723210.0
38,1983,712279.0
39,1983,718195.0
40,1983,687809.0
41,1983,631044.0
42,1983,586597.0
43,1983,623495.0
44,1983,627751.0
45,1983,626564.0
46,1983,616935.0
47,1983,609399.0
48,1983,599945.0
49,1983,583559.0
50,1983,587045.0
51,1983,606803.0
52,1983,617440.0
53,1983,617758.0
54,1983,609166.0
55,1983,603799.0
56,1983,611587.0
57,1983,620423.0
58,1983,615184.0
59,1983,618669.0
60,1983,619213.0
61,1983,648845.0
62,1983,670993.0
63,1983,695915.0
64,1983,466963.0
65,1983,442622.0
66,1983,486082.0
67,1983,513377.0
68,1983,537997.0
69,1983,530863.0
70,1983,511297.0
71,1983,486194.0
72,1983,465763.0
73,1983,451911.0
74,1983,431768.0
75,1983,406149.0
76,1983,372755.0
77,1983,345022.0
78,1983,320228.0
79,1983,288858.0
80,1983,262101.0
81,1983,231099.0
82,1983,204298.0
83,1983,178524.0
84,1983,145369.0
85,1983,122970.0
86,1983,105304.0
87,1983,88061.0
88,1983,71824.0
89,1983,56755.0
90,1983,177355.0
0,1982,686357.0
1,1982,697429.0
2,1982,702045.0
3,1982,676791.0
4,1982,623173.0
5,1982,613072.0
6,1982,642476.0
7,1982,667736.0
8,1982,691354.0
9,1982,743992.0
10,1982,791826.0
11,1982,844101.0
12,1982,834197.0
13,1982,864136.0
14,1982,870543.0
15,1982,899258.0
16,1982,911261.0
17,1982,943856.0
18,1982,934545.0
19,1982,917063.0
20,1982,900166.0
21,1982,878989.0
22,1982,844582.0
23,1982,820398.0
24,1982,799244.0
25,1982,774433.0
26,1982,753724.0
27,1982,730408.0
28,1982,742207.0
29,1982,738622.0
30,1982,725085.0
31,1982,740376.0
32,1982,762610.0
33,1982,790417.0
34,1982,845372.0
35,1982,924638.0
36,1982,725590.0
37,1982,714391.0
38,1982,720437.0
39,1982,688738.0
40,1982,632695.0
41,1982,588636.0
42,1982,625653.0
43,1982,629665.0
44,1982,628778.0
45,1982,619269.0
46,1982,611687.0
47,1982,602501.0
48,1982,585832.0
49,1982,589663.0
50,1982,610053.0
51,1982,620749.0
52,1982,621961.0
53,1982,613673.0
54,1982,608589.0
55,1982,617173.0
56,1982,626299.0
57,1982,621861.0
58,1982,625934.0
59,1982,627219.0
60,1982,658035.0
61,1982,682027.0
62,1982,708581.0
63,1982,476185.0
64,1982,452247.0
65,1982,497110.0
66,1982,526373.0
67,1982,553204.0
68,1982,547183.0
69,1982,528946.0
70,1982,504119.0
71,1982,485007.0
72,1982,472826.0
73,1982,453342.0
74,1982,428664.0
75,1982,395004.0
76,1982,367627.0
77,1982,343576.0
78,1982,311561.0
79,1982,283195.0
80,1982,253533.0
81,1982,225991.0
82,1982,199517.0
83,1982,163697.0
84,1982,139798.0
85,1982,121055.0
86,1982,102603.0
87,1982,84845.0
88,1982,68054.0
89,1982,55594.0
90,1982,173139.0
0,1981,702624.0
1,1981,703432.0
2,1981,678375.0
3,1981,624676.0
4,1981,614431.0
5,1981,643713.0
6,1981,669071.0
7,1981,692569.0
8,1981,745375.0
9,1981,793275.0
10,1981,846964.0
11,1981,836306.0
12,1981,866107.0
13,1981,872016.0
14,1981,899991.0
15,1981,909811.0
16,1981,936432.0
17,1981,933090.0
18,1981,910736.0
19,1981,898984.0
20,1981,882090.0
21,1981,852224.0
22,1981,830208.0
23,1981,809819.0
24,1981,784792.0
25,1981,762902.0
26,1981,737713.0
27,1981,749018.0
28,1981,745836.0
29,1981,731373.0
30,1981,745612.0
31,1981,766821.0
32,1981,794070.0
33,1981,848754.0
34,1981,928076.0
35,1981,727859.0
36,1981,717237.0
37,1981,723714.0
38,1981,692117.0
39,1981,634565.0
40,1981,590421.0
41,1981,627915.0
42,1981,631881.0
43,1981,631196.0
44,1981,622022.0
45,1981,614366.0
46,1981,605160.0
47,1981,588465.0
48,1981,592389.0
49,1981,612936.0
50,1981,623853.0
51,1981,625601.0
52,1981,618185.0
53,1981,613514.0
54,1981,622443.0
55,1981,632169.0
56,1981,628427.0
57,1981,633320.0
58,1981,635035.0
59,1981,667361.0
60,1981,692504.0
61,1981,720695.0
62,1981,484913.0
63,1981,460951.0
64,1981,508026.0
65,1981,538590.0
66,1981,567745.0
67,1981,563480.0
68,1981,546426.0
69,1981,521831.0
70,1981,503799.0
71,1981,493433.0
72,1981,475275.0
73,1981,450950.0
74,1981,417229.0
75,1981,390422.0
76,1981,366853.0
77,1981,334895.0
78,1981,306349.0
79,1981,274448.0
80,1981,248051.0
81,1981,221159.0
82,1981,182730.0
83,1981,157431.0
84,1981,137665.0
85,1981,118146.0
86,1981,99119.0
87,1981,80388.0
88,1981,66672.0
89,1981,53932.0
90,1981,170956.0
0,1980,706402.0
1,1980,679733.0
2,1980,626408.0
3,1980,615613.0
4,1980,644765.0
5,1980,670128.0
6,1980,693619.0
7,1980,746621.0
8,1980,794540.0
9,1980,849590.0
10,1980,836312.0
11,1980,866484.0
12,1980,872354.0
13,1980,899429.0
14,1980,907448.0
15,1980,934331.0
16,1980,931455.0
17,1980,908361.0
18,1980,895079.0
19,1980,878245.0
20,1980,848838.0
21,1980,827256.0
22,1980,811713.0
23,1980,788898.0
24,1980,765396.0
25,1980,740552.0
26,1980,755029.0
27,1980,749553.0
28,1980,735531.0
29,1980,750746.0
30,1980,769948.0
31,1980,796341.0
32,1980,851914.0
33,1980,930966.0
34,1980,731971.0
35,1980,720154.0
36,1980,726857.0
37,1980,694628.0
38,1980,636578.0
39,1980,592682.0
40,1980,629937.0
41,1980,634238.0
42,1980,633532.0
43,1980,624772.0
44,1980,616927.0
45,1980,607949.0
46,1980,591677.0
47,1980,595396.0
48,1980,615918.0
49,1980,627448.0
50,1980,628913.0
51,1980,621696.0
52,1980,617191.0
53,1980,626574.0
54,1980,637527.0
55,1980,634658.0
56,1980,640302.0
57,1980,642158.0
58,1980,676032.0
59,1980,702237.0
60,1980,730895.0
61,1980,494884.0
62,1980,471299.0
63,1980,519261.0
64,1980,550259.0
65,1980,582174.0
66,1980,579291.0
67,1980,562426.0
68,1980,537787.0
69,1980,521716.0
70,1980,511365.0
71,1980,494720.0
72,1980,470556.0
73,1980,439252.0
74,1980,413905.0
75,1980,388965.0
76,1980,358030.0
77,1980,329136.0
78,1980,296625.0
79,1980,269472.0
80,1980,240669.0
81,1980,202271.0
82,1980,176720.0
83,1980,155898.0
84,1980,135495.0
85,1980,115321.0
86,1980,94276.0
87,1980,80239.0
88,1980,64347.0
89,1980,54294.0
90,1980,167802.0
0,1979,682879.0
1,1979,627611.0
2,1979,617437.0
3,1979,645923.0
4,1979,671477.0
5,1979,694917.0
6,1979,747588.0
7,1979,795934.0
8,1979,849955.0
9,1979,835406.0
10,1979,867038.0
11,1979,872319.0
12,1979,899472.0
13,1979,905110.0
14,1979,931737.0
15,1979,930329.0
16,1979,906478.0
17,1979,892198.0
18,1979,873990.0
19,1979,844482.0
20,1979,824151.0
21,1979,809477.0
22,1979,790189.0
23,1979,766847.0
24,1979,742861.0
25,1979,758359.0
26,1979,750985.0
27,1979,738439.0
28,1979,752724.0
29,1979,772831.0
30,1979,797910.0
31,1979,853389.0
32,1979,932645.0
33,1979,733202.0
34,1979,721548.0
35,1979,728260.0
36,1979,695445.0
37,1979,637677.0
38,1979,593550.0
39,1979,631566.0
40,1979,635280.0
41,1979,634215.0
42,1979,626031.0
43,1979,618464.0
44,1979,609184.0
45,1979,593527.0
46,1979,597515.0
47,1979,618055.0
48,1979,629987.0
49,1979,631836.0
50,1979,624902.0
51,1979,620770.0
52,1979,630910.0
53,1979,642618.0
54,1979,639713.0
55,1979,646777.0
56,1979,649213.0
57,1979,683488.0
58,1979,710824.0
59,1979,740336.0
60,1979,502144.0
61,1979,478813.0
62,1979,528869.0
63,1979,560589.0
64,1979,594580.0
65,1979,592823.0
66,1979,576888.0
67,1979,552635.0
68,1979,537623.0
69,1979,528693.0
70,1979,512737.0
71,1979,490036.0
72,1979,459641.0
73,1979,434597.0
74,1979,410425.0
75,1979,379825.0
76,1979,351271.0
77,1979,318428.0
78,1979,291758.0
79,1979,262923.0
80,1979,222158.0
81,1979,196017.0
82,1979,174887.0
83,1979,153056.0
84,1979,132215.0
85,1979,109839.0
86,1979,94411.0
87,1979,76853.0
88,1979,65156.0
89,1979,51012.0
90,1979,162918.0
0,1978,629917.0
1,1978,618309.0
2,1978,646669.0
3,1978,672256.0
4,1978,696124.0
5,1978,748702.0
6,1978,796979.0
7,1978,850543.0
8,1978,835029.0
9,1978,867759.0
10,1978,872328.0
11,1978,899636.0
12,1978,902750.0
13,1978,929077.0
14,1978,927170.0
15,1978,904703.0
16,1978,890853.0
17,1978,871523.0
18,1978,841085.0
19,1978,821562.0
20,1978,807359.0
21,1978,788575.0
22,1978,767832.0
23,1978,744106.0
24,1978,760566.0
25,1978,753168.0
26,1978,740767.0
27,1978,754393.0
28,1978,774834.0
29,1978,799249.0
30,1978,854770.0
31,1978,933885.0
32,1978,733771.0
33,1978,722445.0
34,1978,729138.0
35,1978,696083.0
36,1978,638021.0
37,1978,593834.0
38,1978,631861.0
39,1978,635396.0
40,1978,634768.0
41,1978,627297.0
42,1978,619453.0
43,1978,610236.0
44,1978,594918.0
45,1978,599319.0
46,1978,620061.0
47,1978,632376.0
48,1978,634448.0
49,1978,627691.0
50,1978,623900.0
51,1978,634843.0
52,1978,647313.0
53,1978,644896.0
54,1978,652671.0
55,1978,655614.0
56,1978,690607.0
57,1978,718939.0
58,1978,749388.0
59,1978,508747.0
60,1978,485929.0
61,1978,537767.0
62,1978,570671.0
63,1978,606840.0
64,1978,606192.0
65,1978,591040.0
66,1978,567473.0
67,1978,553667.0
68,1978,545576.0
69,1978,530860.0
70,1978,509207.0
71,1978,479527.0
72,1978,455248.0
73,1978,432534.0
74,1978,401997.0
75,1978,373833.0
76,1978,341187.0
77,1978,314381.0
78,1978,285594.0
79,1978,243120.0
80,1978,216511.0
81,1978,194763.0
82,1978,172051.0
83,1978,150697.0
84,1978,126902.0
85,1978,110174.0
86,1978,91338.0
87,1978,77756.0
88,1978,62351.0
89,1978,52041.0
90,1978,157061.0
0,1977,619980.0
1,1977,647724.0
2,1977,673299.0
3,1977,697008.0
4,1977,750531.0
5,1977,798690.0
6,1977,851157.0
7,1977,834695.0
8,1977,868536.0
9,1977,872798.0
10,1977,900517.0
11,1977,900295.0
12,1977,926578.0
13,1977,925367.0
14,1977,902763.0
15,1977,889457.0
16,1977,871364.0
17,1977,839292.0
18,1977,818900.0
19,1977,804289.0
20,1977,785918.0
21,1977,768149.0
22,1977,745342.0
23,1977,761184.0
24,1977,754614.0
25,1977,742995.0
26,1977,756489.0
27,1977,776555.0
28,1977,801157.0
29,1977,856890.0
30,1977,936118.0
31,1977,736013.0
32,1977,724503.0
33,1977,730869.0
34,1977,697586.0
35,1977,639477.0
36,1977,595755.0
37,1977,633876.0
38,1977,637666.0
39,1977,636094.0
40,1977,628536.0
41,1977,620751.0
42,1977,611509.0
43,1977,595675.0
44,1977,600881.0
45,1977,621812.0
46,1977,634402.0
47,1977,636897.0
48,1977,630600.0
49,1977,627193.0
50,1977,638868.0
51,1977,651992.0
52,1977,649970.0
53,1977,658171.0
54,1977,661657.0
55,1977,697660.0
56,1977,726785.0
57,1977,759060.0
58,1977,515741.0
59,1977,493381.0
60,1977,546573.0
61,1977,580323.0
62,1977,618075.0
63,1977,618522.0
64,1977,604279.0
65,1977,581144.0
66,1977,568943.0
67,1977,562100.0
68,1977,548331.0
69,1977,527714.0
70,1977,498604.0
71,1977,474867.0
72,1977,453247.0
73,1977,423229.0
74,1977,395658.0
75,1977,363154.0
76,1977,336958.0
77,1977,307811.0
78,1977,263411.0
79,1977,237063.0
80,1977,214878.0
81,1977,190985.0
82,1977,169186.0
83,1977,144429.0
84,1977,127115.0
85,1977,106752.0
86,1977,91562.0
87,1977,74721.0
88,1977,63290.0
89,1977,51810.0
90,1977,149835.0
0,1976,651341.0
1,1976,676670.0
2,1976,700540.0
3,1976,753461.0
4,1976,801740.0
5,1976,852893.0
6,1976,835139.0
7,1976,869628.0
8,1976,873729.0
9,1976,901761.0
10,1976,898979.0
11,1976,925119.0
12,1976,924120.0
13,1976,901169.0
14,1976,888055.0
15,1976,871324.0
16,1976,839832.0
17,1976,817260.0
18,1976,802149.0
19,1976,782682.0
20,1976,765660.0
21,1976,743295.0
22,1976,760689.0
23,1976,754867.0
24,1976,744947.0
25,1976,758067.0
26,1976,778142.0
27,1976,802993.0
28,1976,858773.0
29,1976,937991.0
30,1976,737404.0
31,1976,725697.0
32,1976,731980.0
33,1976,699081.0
34,1976,640653.0
35,1976,597692.0
36,1976,635836.0
37,1976,639820.0
38,1976,637830.0
39,1976,629736.0
40,1976,621843.0
41,1976,612925.0
42,1976,596780.0
43,1976,602526.0
44,1976,623639.0
45,1976,636673.0
46,1976,639369.0
47,1976,633340.0
48,1976,630518.0
49,1976,642521.0
50,1976,656203.0
51,1976,654634.0
52,1976,663281.0
53,1976,666958.0
54,1976,703885.0
55,1976,734143.0
56,1976,767143.0
57,1976,521665.0
58,1976,499657.0
59,1976,554450.0
60,1976,588888.0
61,1976,628480.0
62,1976,630088.0
63,1976,616625.0
64,1976,594553.0
65,1976,583396.0
66,1976,577734.0
67,1976,564967.0
68,1976,545142.0
69,1976,516813.0
70,1976,493622.0
71,1976,473369.0
72,1976,443761.0
73,1976,417177.0
74,1976,384330.0
75,1976,359077.0
76,1976,329903.0
77,1976,284043.0
78,1976,257059.0
79,1976,235371.0
80,1976,210246.0
81,1976,188240.0
82,1976,162977.0
83,1976,145009.0
84,1976,123420.0
85,1976,106827.0
86,1976,88508.0
87,1976,75857.0
88,1976,62753.0
89,1976,48087.0
90,1976,145381.0
0,1975,680170.0
1,1975,702904.0
2,1975,755944.0
3,1975,804282.0
4,1975,855033.0
5,1975,835961.0
6,1975,871509.0
7,1975,875930.0
8,1975,904305.0
9,1975,898695.0
10,1975,924282.0
11,1975,923659.0
12,1975,900377.0
13,1975,887002.0
14,1975,869817.0
15,1975,839933.0
16,1975,818092.0
17,1975,799608.0
18,1975,779190.0
19,1975,762268.0
20,1975,740015.0
21,1975,758430.0
22,1975,752869.0
23,1975,745016.0
24,1975,759851.0
25,1975,779371.0
26,1975,803930.0
27,1975,860124.0
28,1975,939088.0
29,1975,738239.0
30,1975,726884.0
31,1975,732980.0
32,1975,700838.0
33,1975,642638.0
34,1975,599843.0
35,1975,637898.0
36,1975,642396.0
37,1975,640244.0
38,1975,631872.0
39,1975,623363.0
40,1975,614176.0
41,1975,598220.0
42,1975,604133.0
43,1975,625765.0
44,1975,638768.0
45,1975,642175.0
46,1975,635963.0
47,1975,633596.0
48,1975,645753.0
49,1975,660376.0
50,1975,658944.0
51,1975,668351.0
52,1975,672612.0
53,1975,710138.0
54,1975,740309.0
55,1975,773870.0
56,1975,527490.0
57,1975,506039.0
58,1975,561979.0
59,1975,597602.0
60,1975,638279.0
61,1975,640840.0
62,1975,628379.0
63,1975,607479.0
64,1975,597632.0
65,1975,593266.0
66,1975,581510.0
67,1975,562616.0
68,1975,534930.0
69,1975,512226.0
70,1975,493000.0
71,1975,464005.0
72,1975,437968.0
73,1975,406091.0
74,1975,381309.0
75,1975,351835.0
76,1975,304804.0
77,1975,278099.0
78,1975,256018.0
79,1975,231019.0
80,1975,208593.0
81,1975,182402.0
82,1975,164111.0
83,1975,141912.0
84,1975,123733.0
85,1975,104274.0
86,1975,90296.0
87,1975,75327.0
88,1975,59027.0
89,1975,47769.0
90,1975,142342.0
0,1974,707029.0
1,1974,759314.0
2,1974,808220.0
3,1974,857395.0
4,1974,838339.0
5,1974,873856.0
6,1974,878514.0
7,1974,907370.0
8,1974,899623.0
9,1974,923729.0
10,1974,922886.0
11,1974,899106.0
12,1974,886420.0
13,1974,869422.0
14,1974,838850.0
15,1974,819236.0
16,1974,800562.0
17,1974,777323.0
18,1974,759274.0
19,1974,737472.0
20,1974,757493.0
21,1974,752197.0
22,1974,744495.0
23,1974,761404.0
24,1974,782418.0
25,1974,806942.0
26,1974,862737.0
27,1974,941753.0
28,1974,740574.0
29,1974,729952.0
30,1974,735832.0
31,1974,703757.0
32,1974,644506.0
33,1974,602785.0
34,1974,641591.0
35,1974,645215.0
36,1974,642626.0
37,1974,633997.0
38,1974,625153.0
39,1974,616684.0
40,1974,600377.0
41,1974,606425.0
42,1974,627990.0
43,1974,640816.0
44,1974,644639.0
45,1974,638330.0
46,1974,636416.0
47,1974,648796.0
48,1974,663965.0
49,1974,663927.0
50,1974,673441.0
51,1974,677583.0
52,1974,715972.0
53,1974,746221.0
54,1974,781077.0
55,1974,532429.0
56,1974,511706.0
57,1974,569076.0
58,1974,605547.0
59,1974,647719.0
60,1974,650873.0
61,1974,638968.0
62,1974,618633.0
63,1974,610407.0
64,1974,607506.0
65,1974,597408.0
66,1974,578583.0
67,1974,551951.0
68,1974,530131.0
69,1974,511484.0
70,1974,483148.0
71,1974,458136.0
72,1974,426546.0
73,1974,402785.0
74,1974,373498.0
75,1974,325824.0
76,1974,298442.0
77,1974,276649.0
78,1974,251264.0
79,1974,228688.0
80,1974,202076.0
81,1974,183323.0
82,1974,160777.0
83,1974,141554.0
84,1974,120829.0
85,1974,105723.0
86,1974,89314.0
87,1974,71186.0
88,1974,58714.0
89,1974,47900.0
90,1974,137877.0
0,1973,763866.0
1,1973,811935.0
2,1973,860180.0
3,1973,840049.0
4,1973,877266.0
5,1973,881873.0
6,1973,910309.0
7,1973,900578.0
8,1973,924672.0
9,1973,922302.0
10,1973,898196.0
11,1973,885549.0
12,1973,868722.0
13,1973,838091.0
14,1973,817308.0
15,1973,800129.0
16,1973,778086.0
17,1973,759592.0
18,1973,736406.0
19,1973,756638.0
20,1973,751081.0
21,1973,743418.0
22,1973,761001.0
23,1973,781776.0
24,1973,809298.0
25,1973,865945.0
26,1973,944999.0
27,1973,744266.0
28,1973,733820.0
29,1973,738813.0
30,1973,706134.0
31,1973,647021.0
32,1973,606165.0
33,1973,644636.0
34,1973,647612.0
35,1973,644981.0
36,1973,637049.0
37,1973,628053.0
38,1973,619567.0
39,1973,602433.0
40,1973,608801.0
41,1973,630700.0
42,1973,643405.0
43,1973,647337.0
44,1973,641250.0
45,1973,639628.0
46,1973,652324.0
47,1973,667441.0
48,1973,667533.0
49,1973,677525.0
50,1973,682158.0
51,1973,721150.0
52,1973,752203.0
53,1973,787741.0
54,1973,537807.0
55,1973,517437.0
56,1973,575894.0
57,1973,612926.0
58,1973,656495.0
59,1973,660672.0
60,1973,649159.0
61,1973,629552.0
62,1973,622618.0
63,1973,620649.0
64,1973,612019.0
65,1973,594055.0
66,1973,567955.0
67,1973,547161.0
68,1973,529600.0
69,1973,501814.0
70,1973,477588.0
71,1973,446600.0
72,1973,424340.0
73,1973,395139.0
74,1973,345934.0
75,1973,318741.0
76,1973,296924.0
77,1973,271502.0
78,1973,248691.0
79,1973,221561.0
80,1973,202897.0
81,1973,179410.0
82,1973,159632.0
83,1973,138257.0
84,1973,122468.0
85,1973,104648.0
86,1973,84568.0
87,1973,70725.0
88,1973,58718.0
89,1973,45647.0
90,1973,134086.0
0,1972,815656.0
1,1972,862347.0
2,1972,841512.0
3,1972,879205.0
4,1972,884596.0
5,1972,912028.0
6,1972,900752.0
7,1972,923121.0
8,1972,920631.0
9,1972,896676.0
10,1972,883920.0
11,1972,866990.0
12,1972,836645.0
13,1972,816416.0
14,1972,797668.0
15,1972,778168.0
16,1972,760386.0
17,1972,736070.0
18,1972,754568.0
19,1972,748410.0
20,1972,740876.0
21,1972,759981.0
22,1972,779153.0
23,1972,810034.0
24,1972,867063.0
25,1972,947204.0
26,1972,746578.0
27,1972,735301.0
28,1972,739601.0
29,1972,707324.0
30,1972,647903.0
31,1972,607682.0
32,1972,645667.0
33,1972,648532.0
34,1972,646407.0
35,1972,639066.0
36,1972,629541.0
37,1972,621623.0
38,1972,603296.0
39,1972,609744.0
40,1972,632467.0
41,1972,644795.0
42,1972,648812.0
43,1972,642629.0
44,1972,641411.0
45,1972,654879.0
46,1972,670214.0
47,1972,670516.0
48,1972,680946.0
49,1972,685058.0
50,1972,725021.0
51,1972,757385.0
52,1972,793624.0
53,1972,542198.0
54,1972,522275.0
55,1972,581774.0
56,1972,619131.0
57,1972,664155.0
58,1972,668594.0
59,1972,658274.0
60,1972,639065.0
61,1972,633729.0
62,1972,632686.0
63,1972,625499.0
64,1972,608746.0
65,1972,583201.0
66,1972,563014.0
67,1972,546544.0
68,1972,519590.0
69,1972,496370.0
70,1972,465641.0
71,1972,444538.0
72,1972,415886.0
73,1972,366186.0
74,1972,338800.0
75,1972,317217.0
76,1972,291760.0
77,1972,268851.0
78,1972,241761.0
79,1972,223120.0
80,1972,199078.0
81,1972,178375.0
82,1972,156980.0
83,1972,140208.0
84,1972,121280.0
85,1972,99912.0
86,1972,84811.0
87,1972,70777.0
88,1972,56145.0
89,1972,45015.0
90,1972,130416.0
0,1971,867303.0
1,1971,843961.0
2,1971,882284.0
3,1971,887728.0
4,1971,913530.0
5,1971,902271.0
6,1971,922813.0
7,1971,920117.0
8,1971,896252.0
9,1971,882834.0
10,1971,866387.0
11,1971,836123.0
12,1971,816531.0
13,1971,796723.0
14,1971,777170.0
15,1971,761897.0
16,1971,737252.0
17,1971,753324.0
18,1971,745865.0
19,1971,738281.0
20,1971,758471.0
21,1971,777708.0
22,1971,809750.0
23,1971,867010.0
24,1971,948051.0
25,1971,749014.0
26,1971,736330.0
27,1971,741222.0
28,1971,708917.0
29,1971,649443.0
30,1971,609422.0
31,1971,647405.0
32,1971,650823.0
33,1971,648322.0
34,1971,640646.0
35,1971,630789.0
36,1971,623398.0
37,1971,605023.0
38,1971,612213.0
39,1971,633440.0
40,1971,646003.0
41,1971,649915.0
42,1971,645073.0
43,1971,643964.0
44,1971,657852.0
45,1971,672557.0
46,1971,673593.0
47,1971,684645.0
48,1971,687998.0
49,1971,729454.0
50,1971,762624.0
51,1971,799399.0
52,1971,546578.0
53,1971,527806.0
54,1971,586796.0
55,1971,625275.0
56,1971,671280.0
57,1971,675466.0
58,1971,667107.0
59,1971,648484.0
60,1971,644643.0
61,1971,644645.0
62,1971,638151.0
63,1971,622252.0
64,1971,597911.0
65,1971,578182.0
66,1971,563025.0
67,1971,536724.0
68,1971,514361.0
69,1971,484134.0
70,1971,463987.0
71,1971,436365.0
72,1971,385755.0
73,1971,358260.0
74,1971,337167.0
75,1971,311875.0
76,1971,288720.0
77,1971,261616.0
78,1971,243331.0
79,1971,218600.0
80,1971,197159.0
81,1971,175412.0
82,1971,158068.0
83,1971,138113.0
84,1971,115726.0
85,1971,99594.0
86,1971,83975.0
87,1971,67972.0
88,1971,55120.0
89,1971,44408.0
90,1971,124437.0
0,1970,852445.0
1,1970,884999.0
2,1970,886297.0
3,1970,915379.0
4,1970,918726.0
5,1970,930472.0
6,1970,926281.0
7,1970,908191.0
8,1970,891216.0
9,1970,863741.0
10,1970,827451.0
11,1970,815592.0
12,1970,800177.0
13,1970,774794.0
14,1970,752414.0
15,1970,739713.0
16,1970,755546.0
17,1970,744427.0
18,1970,727860.0
19,1970,753069.0
20,1970,778128.0
21,1970,808909.0
22,1970,859794.0
23,1970,946276.0
24,1970,747860.0
25,1970,735819.0
26,1970,744542.0
27,1970,712460.0
28,1970,647499.0
29,1970,608952.0
30,1970,645945.0
31,1970,650309.0
32,1970,647084.0
33,1970,640287.0
34,1970,632782.0
35,1970,619166.0
36,1970,606872.0
37,1970,613226.0
38,1970,634848.0
39,1970,651509.0
40,1970,650350.0
41,1970,648124.0
42,1970,644216.0
43,1970,660716.0
44,1970,673418.0
45,1970,675340.0
46,1970,682723.0
47,1970,692824.0
48,1970,733323.0
49,1970,765723.0
50,1970,810734.0
51,1970,542936.0
52,1970,531900.0
53,1970,592507.0
54,1970,625456.0
55,1970,683992.0
56,1970,679831.0
57,1970,673377.0
58,1970,653610.0
59,1970,656862.0
60,1970,653222.0
61,1970,649732.0
62,1970,633043.0
63,1970,610630.0
64,1970,591759.0
65,1970,575982.0
66,1970,551875.0
67,1970,530717.0
68,1970,498335.0
69,1970,480624.0
70,1970,448255.0
71,1970,409629.0
72,1970,375285.0
73,1970,354592.0
74,1970,327735.0
75,1970,309056.0
76,1970,277975.0
77,1970,260245.0
78,1970,234095.0
79,1970,217555.0
80,1970,192937.0
81,1970,177333.0
82,1970,153696.0
83,1970,131035.0
84,1970,146100.0
85,1970,434339.0
86,1970,
87,1970,
88,1970,
89,1970,
90,1970,
0,1969,891302.0
1,1969,891400.0
2,1969,919648.0
3,1969,923100.0
4,1969,939363.0
5,1969,930877.0
6,1969,912645.0
7,1969,894996.0
8,1969,866595.0
9,1969,830180.0
10,1969,815158.0
11,1969,799524.0
12,1969,773402.0
13,1969,750207.0
14,1969,731785.0
15,1969,752811.0
16,1969,744294.0
17,1969,727869.0
18,1969,750341.0
19,1969,772397.0
20,1969,805698.0
21,1969,858687.0
22,1969,944833.0
23,1969,747734.0
24,1969,739415.0
25,1969,745784.0
26,1969,714390.0
27,1969,652817.0
28,1969,614833.0
29,1969,649859.0
30,1969,654502.0
31,1969,651359.0
32,1969,643933.0
33,1969,636212.0
34,1969,624074.0
35,1969,609170.0
36,1969,616493.0
37,1969,637482.0
38,1969,653611.0
39,1969,651565.0
40,1969,650630.0
41,1969,646859.0
42,1969,663059.0
43,1969,676553.0
44,1969,679127.0
45,1969,686237.0
46,1969,696609.0
47,1969,737467.0
48,1969,770988.0
49,1969,808084.0
50,1969,550307.0
51,1969,536811.0
52,1969,598140.0
53,1969,631301.0
54,1969,692301.0
55,1969,689481.0
56,1969,682826.0
57,1969,664058.0
58,1969,667422.0
59,1969,662813.0
60,1969,660786.0
61,1969,645559.0
62,1969,623609.0
63,1969,605506.0
64,1969,589484.0
65,1969,568383.0
66,1969,547739.0
67,1969,516709.0
68,1969,498822.0
69,1969,467645.0
70,1969,426343.0
71,1969,393381.0
72,1969,373495.0
73,1969,347154.0
74,1969,327086.0
75,1969,298856.0
76,1969,280900.0
77,1969,254644.0
78,1969,237129.0
79,1969,212317.0
80,1969,195857.0
81,1969,172107.0
82,1969,148620.0
83,1969,159866.0
84,1969,109698.0
85,1969,423387.0
86,1969,
87,1969,
88,1969,
89,1969,
90,1969,
0,1968,895228.0
1,1968,921178.0
2,1968,924523.0
3,1968,940796.0
4,1968,935918.0
5,1968,914948.0
6,1968,896931.0
7,1968,867696.0
8,1968,830640.0
9,1968,817660.0
10,1968,800207.0
11,1968,773046.0
12,1968,749043.0
13,1968,730704.0
14,1968,745244.0
15,1968,743061.0
16,1968,728901.0
17,1968,749402.0
18,1968,771299.0
19,1968,805039.0
20,1968,857902.0
21,1968,939966.0
22,1968,747197.0
23,1968,739393.0
24,1968,748512.0
25,1968,719186.0
26,1968,658281.0
27,1968,621186.0
28,1968,655060.0
29,1968,658687.0
30,1968,655190.0
31,1968,647430.0
32,1968,639470.0
33,1968,627520.0
34,1968,614412.0
35,1968,620283.0
36,1968,640544.0
37,1968,656265.0
38,1968,653473.0
39,1968,651706.0
40,1968,650069.0
41,1968,666389.0
42,1968,680091.0
43,1968,683337.0
44,1968,691046.0
45,1968,700763.0
46,1968,742139.0
47,1968,777414.0
48,1968,807501.0
49,1968,557371.0
50,1968,540985.0
51,1968,602544.0
52,1968,635963.0
53,1968,696636.0
54,1968,695932.0
55,1968,689375.0
56,1968,671726.0
57,1968,675701.0
58,1968,671673.0
59,1968,669596.0
60,1968,656366.0
61,1968,635171.0
62,1968,617390.0
63,1968,602694.0
64,1968,581424.0
65,1968,561672.0
66,1968,531878.0
67,1968,513799.0
68,1968,483270.0
69,1968,443697.0
70,1968,412006.0
71,1968,392393.0
72,1968,365891.0
73,1968,346535.0
74,1968,317350.0
75,1968,300098.0
76,1968,273948.0
77,1968,255135.0
78,1968,230718.0
79,1968,214266.0
80,1968,190338.0
81,1968,166587.0
82,1968,173359.0
83,1968,126524.0
84,1968,106708.0
85,1968,412305.0
86,1968,
87,1968,
88,1968,
89,1968,
90,1968,
0,1967,919712.0
1,1967,924859.0
2,1967,940659.0
3,1967,935492.0
4,1967,917820.0
5,1967,898254.0
6,1967,867736.0
7,1967,830415.0
8,1967,816688.0
9,1967,800219.0
10,1967,772089.0
11,1967,747765.0
12,1967,729320.0
13,1967,742791.0
14,1967,732667.0
15,1967,732301.0
16,1967,749888.0
17,1967,773423.0
18,1967,802514.0
19,1967,858241.0
20,1967,933376.0
21,1967,746303.0
22,1967,738627.0
23,1967,747034.0
24,1967,721840.0
25,1967,663217.0
26,1967,627776.0
27,1967,659531.0
28,1967,663115.0
29,1967,659567.0
30,1967,651073.0
31,1967,643355.0
32,1967,632164.0
33,1967,618456.0
34,1967,626356.0
35,1967,644300.0
36,1967,659814.0
37,1967,655866.0
38,1967,654503.0
39,1967,651004.0
40,1967,667656.0
41,1967,682284.0
42,1967,686365.0
43,1967,694684.0
44,1967,704549.0
45,1967,746874.0
46,1967,784785.0
47,1967,807709.0
48,1967,568526.0
49,1967,546425.0
50,1967,608186.0
51,1967,641477.0
52,1967,701301.0
53,1967,703162.0
54,1967,695205.0
55,1967,679546.0
56,1967,683539.0
57,1967,680058.0
58,1967,679082.0
59,1967,666432.0
60,1967,645649.0
61,1967,627976.0
62,1967,614284.0
63,1967,595294.0
64,1967,575692.0
65,1967,547273.0
66,1967,527718.0
67,1967,498619.0
68,1967,459854.0
69,1967,428737.0
70,1967,410244.0
71,1967,383670.0
72,1967,364421.0
73,1967,337701.0
74,1967,320340.0
75,1967,294836.0
76,1967,272511.0
77,1967,250264.0
78,1967,233430.0
79,1967,209698.0
80,1967,185643.0
81,1967,186210.0
82,1967,144437.0
83,1967,124012.0
84,1967,105891.0
85,1967,407821.0
86,1967,
87,1967,
88,1967,
89,1967,
90,1967,
0,1966,929055.0
1,1966,943448.0
2,1966,937889.0
3,1966,919042.0
4,1966,902550.0
5,1966,871289.0
6,1966,833377.0
7,1966,819414.0
8,1966,802416.0
9,1966,774303.0
10,1966,751155.0
11,1966,732189.0
12,1966,744896.0
13,1966,734457.0
14,1966,725603.0
15,1966,747482.0
16,1966,771319.0
17,1966,803608.0
18,1966,857570.0
19,1966,932339.0
20,1966,745335.0
21,1966,737160.0
22,1966,743883.0
23,1966,719919.0
24,1966,662287.0
25,1966,630133.0
26,1966,661523.0
27,1966,665577.0
28,1966,662102.0
29,1966,652884.0
30,1966,645635.0
31,1966,634812.0
32,1966,620761.0
33,1966,628780.0
34,1966,647789.0
35,1966,663149.0
36,1966,658938.0
37,1966,657296.0
38,1966,653582.0
39,1966,667583.0
40,1966,683890.0
41,1966,687883.0
42,1966,696998.0
43,1966,707113.0
44,1966,749844.0
45,1966,789853.0
46,1966,808742.0
47,1966,574194.0
48,1966,550864.0
49,1966,612966.0
50,1966,646594.0
51,1966,706744.0
52,1966,710042.0
53,1966,701457.0
54,1966,686265.0
55,1966,690359.0
56,1966,687529.0
57,1966,687290.0
58,1966,675686.0
59,1966,655046.0
60,1966,638392.0
61,1966,625478.0
62,1966,608436.0
63,1966,589377.0
64,1966,561154.0
65,1966,541349.0
66,1966,512837.0
67,1966,474437.0
68,1966,443990.0
69,1966,425083.0
70,1966,399702.0
71,1966,380763.0
72,1966,355514.0
73,1966,338744.0
74,1966,313486.0
75,1966,291399.0
76,1966,267327.0
77,1966,250215.0
78,1966,227447.0
79,1966,201476.0
80,1966,200680.0
81,1966,161322.0
82,1966,140123.0
83,1966,121103.0
84,1966,103437.0
85,1966,391941.0
86,1966,
87,1966,
88,1966,
89,1966,
90,1966,
0,1965,946016.0
1,1965,939738.0
2,1965,921599.0
3,1965,904779.0
4,1965,874156.0
5,1965,835955.0
6,1965,822560.0
7,1965,805434.0
8,1965,778734.0
9,1965,754459.0
10,1965,735971.0
11,1965,749520.0
12,1965,737460.0
13,1965,726190.0
14,1965,746443.0
15,1965,773629.0
16,1965,801724.0
17,1965,861190.0
18,1965,936826.0
19,1965,741156.0
20,1965,730503.0
21,1965,741858.0
22,1965,716395.0
23,1965,658497.0
24,1965,623965.0
25,1965,660452.0
26,1965,663905.0
27,1965,660389.0
28,1965,651810.0
29,1965,642839.0
30,1965,631000.0
31,1965,617519.0
32,1965,623929.0
33,1965,645420.0
34,1965,662818.0
35,1965,660767.0
36,1965,659519.0
37,1965,655982.0
38,1965,671352.0
39,1965,685100.0
40,1965,687816.0
41,1965,696424.0
42,1965,707684.0
43,1965,750839.0
44,1965,789433.0
45,1965,821753.0
46,1965,574645.0
47,1965,552405.0
48,1965,615519.0
49,1965,651279.0
50,1965,712717.0
51,1965,713319.0
52,1965,708217.0
53,1965,691658.0
54,1965,696181.0
55,1965,694954.0
56,1965,696173.0
57,1965,684870.0
58,1965,665401.0
59,1965,651727.0
60,1965,640335.0
61,1965,621862.0
62,1965,604299.0
63,1965,575735.0
64,1965,561854.0
65,1965,531241.0
66,1965,490982.0
67,1965,459950.0
68,1965,441768.0
69,1965,416780.0
70,1965,399439.0
71,1965,371941.0
72,1965,357346.0
73,1965,331024.0
74,1965,313131.0
75,1965,287651.0
76,1965,272113.0
77,1965,248058.0
78,1965,223128.0
79,1965,227696.0
80,1965,180462.0
81,1965,158594.0
82,1965,139087.0
83,1965,120076.0
84,1965,102176.0
85,1965,384000.0
86,1965,
87,1965,
88,1965,
89,1965,
90,1965,
0,1964,941485.0
1,1964,924112.0
2,1964,906730.0
3,1964,876665.0
4,1964,839273.0
5,1964,824645.0
6,1964,807297.0
7,1964,779706.0
8,1964,755304.0
9,1964,734500.0
10,1964,750087.0
11,1964,738400.0
12,1964,727509.0
13,1964,747181.0
14,1964,770521.0
15,1964,806429.0
16,1964,868668.0
17,1964,941095.0
18,1964,747516.0
19,1964,732915.0
20,1964,739188.0
21,1964,714543.0
22,1964,656488.0
23,1964,622416.0
24,1964,658166.0
25,1964,665272.0
26,1964,661711.0
27,1964,652928.0
28,1964,644608.0
29,1964,633119.0
30,1964,619596.0
31,1964,626507.0
32,1964,647271.0
33,1964,664324.0
34,1964,660851.0
35,1964,660613.0
36,1964,657529.0
37,1964,672394.0
38,1964,686679.0
39,1964,689771.0
40,1964,699102.0
41,1964,710321.0
42,1964,753684.0
43,1964,794131.0
44,1964,815023.0
45,1964,578787.0
46,1964,556300.0
47,1964,619235.0
48,1964,654978.0
49,1964,717235.0
50,1964,719491.0
51,1964,713615.0
52,1964,698353.0
53,1964,703105.0
54,1964,700245.0
55,1964,702210.0
56,1964,692144.0
57,1964,672960.0
58,1964,659319.0
59,1964,648478.0
60,1964,632379.0
61,1964,615625.0
62,1964,588065.0
63,1964,573214.0
64,1964,544172.0
65,1964,502638.0
66,1964,472930.0
67,1964,455687.0
68,1964,430537.0
69,1964,412984.0
70,1964,388012.0
71,1964,374182.0
72,1964,348848.0
73,1964,330748.0
74,1964,306108.0
75,1964,289624.0
76,1964,266424.0
77,1964,241687.0
78,1964,242775.0
79,1964,198778.0
80,1964,175924.0
81,1964,155948.0
82,1964,136372.0
83,1964,117814.0
84,1964,99210.0
85,1964,369387.0
86,1964,
87,1964,
88,1964,
89,1964,
90,1964,
0,1963,928981.0
1,1963,909744.0
2,1963,877703.0
3,1963,839831.0
4,1963,826371.0
5,1963,808287.0
6,1963,779907.0
7,1963,755175.0
8,1963,734746.0
9,1963,747266.0
10,1963,738752.0
11,1963,729450.0
12,1963,748442.0
13,1963,773191.0
14,1963,806477.0
15,1963,874432.0
16,1963,938253.0
17,1963,755743.0
18,1963,738520.0
19,1963,740913.0
20,1963,714109.0
21,1963,656137.0
22,1963,622937.0
23,1963,652458.0
24,1963,662995.0
25,1963,663561.0
26,1963,654245.0
27,1963,646301.0
28,1963,635652.0
29,1963,622213.0
30,1963,630616.0
31,1963,650348.0
32,1963,667022.0
33,1963,662445.0
34,1963,660907.0
35,1963,659182.0
36,1963,673727.0
37,1963,688775.0
38,1963,692583.0
39,1963,701868.0
40,1963,712956.0
41,1963,756437.0
42,1963,799039.0
43,1963,809986.0
44,1963,583999.0
45,1963,559602.0
46,1963,622738.0
47,1963,658254.0
48,1963,719500.0
49,1963,723789.0
50,1963,717122.0
51,1963,703235.0
52,1963,707888.0
53,1963,705089.0
54,1963,707357.0
55,1963,698628.0
56,1963,679887.0
57,1963,666242.0
58,1963,655868.0
59,1963,640907.0
60,1963,625363.0
61,1963,598975.0
62,1963,582916.0
63,1963,555038.0
64,1963,516299.0
65,1963,487594.0
66,1963,470223.0
67,1963,445039.0
68,1963,427807.0
69,1963,403441.0
70,1963,389707.0
71,1963,365473.0
72,1963,346537.0
73,1963,322699.0
74,1963,306898.0
75,1963,284426.0
76,1963,260156.0
77,1963,255478.0
78,1963,217070.0
79,1963,193645.0
80,1963,172833.0
81,1963,153086.0
82,1963,134534.0
83,1963,114635.0
84,1963,96376.0
85,1963,353164.0
86,1963,
87,1963,
88,1963,
89,1963,
90,1963,
0,1962,914012.0
1,1962,878244.0
2,1962,839550.0
3,1962,825640.0
4,1962,808510.0
5,1962,778757.0
6,1962,753586.0
7,1962,734340.0
8,1962,745488.0
9,1962,735635.0
10,1962,729713.0
11,1962,747309.0
12,1962,773657.0
13,1962,807245.0
14,1962,875266.0
15,1962,936121.0
16,1962,759110.0
17,1962,746783.0
18,1962,744673.0
19,1962,717430.0
20,1962,658827.0
21,1962,626843.0
22,1962,645984.0
23,1962,657416.0
24,1962,663211.0
25,1962,655069.0
26,1962,647666.0
27,1962,638045.0
28,1962,624794.0
29,1962,634029.0
30,1962,653517.0
31,1962,669598.0
32,1962,663511.0
33,1962,661917.0
34,1962,659069.0
35,1962,673683.0
36,1962,689964.0
37,1962,694815.0
38,1962,705691.0
39,1962,715690.0
40,1962,760231.0
41,1962,805560.0
42,1962,799931.0
43,1962,596930.0
44,1962,564719.0
45,1962,627689.0
46,1962,662370.0
47,1962,721498.0
48,1962,729681.0
49,1962,719745.0
50,1962,708040.0
51,1962,711732.0
52,1962,708937.0
53,1962,711761.0
54,1962,704140.0
55,1962,685772.0
56,1962,671568.0
57,1962,661894.0
58,1962,650230.0
59,1962,634314.0
60,1962,609584.0
61,1962,590525.0
62,1962,565338.0
63,1962,527883.0
64,1962,500893.0
65,1962,483644.0
66,1962,458359.0
67,1962,441485.0
68,1962,420279.0
69,1962,406956.0
70,1962,383404.0
71,1962,362748.0
72,1962,340237.0
73,1962,324152.0
74,1962,303434.0
75,1962,280545.0
76,1962,267406.0
77,1962,237302.0
78,1962,213876.0
79,1962,193150.0
80,1962,172544.0
81,1962,154102.0
82,1962,133237.0
83,1962,113173.0
84,1962,96114.0
85,1962,347308.0
86,1962,
87,1962,
88,1962,
89,1962,
90,1962,
0,1961,880519.0
1,1961,839153.0
2,1961,824149.0
3,1961,806589.0
4,1961,775746.0
5,1961,750056.0
6,1961,731793.0
7,1961,741763.0
8,1961,733375.0
9,1961,728809.0
10,1961,745068.0
11,1961,773122.0
12,1961,806596.0
13,1961,874926.0
14,1961,934449.0
15,1961,760445.0
16,1961,749149.0
17,1961,744313.0
18,1961,718059.0
19,1961,654404.0
20,1961,622790.0
21,1961,640881.0
22,1961,649285.0
23,1961,654459.0
24,1961,646643.0
25,1961,642708.0
26,1961,634295.0
27,1961,620879.0
28,1961,631075.0
29,1961,648367.0
30,1961,665427.0
31,1961,658554.0
32,1961,658061.0
33,1961,655425.0
34,1961,669039.0
35,1961,687633.0
36,1961,692692.0
37,1961,705576.0
38,1961,714839.0
39,1961,759717.0
40,1961,808407.0
41,1961,785152.0
42,1961,608116.0
43,1961,568001.0
44,1961,630371.0
45,1961,664639.0
46,1961,722643.0
47,1961,733546.0
48,1961,721533.0
49,1961,711887.0
50,1961,715067.0
51,1961,712401.0
52,1961,715286.0
53,1961,708923.0
54,1961,690917.0
55,1961,676351.0
56,1961,667812.0
57,1961,658715.0
58,1961,642892.0
59,1961,620146.0
60,1961,598230.0
61,1961,574953.0
62,1961,539113.0
63,1961,513642.0
64,1961,496789.0
65,1961,470898.0
66,1961,454576.0
67,1961,436614.0
68,1961,423085.0
69,1961,400912.0
70,1961,378009.0
71,1961,356662.0
72,1961,340942.0
73,1961,322400.0
74,1961,300540.0
75,1961,280510.0
76,1961,257338.0
77,1961,233745.0
78,1961,212901.0
79,1961,192011.0
80,1961,173065.0
81,1961,151705.0
82,1961,130690.0
83,1961,113209.0
84,1961,96672.0
85,1961,337192.0
86,1961,
87,1961,
88,1961,
89,1961,
90,1961,
